,0,Prediction
0,1,1
1,1,1
2,0,0
3,0,0
4,1,1
5,0,0
6,1,1
7,1,1
8,1,1
9,1,1
10,1,1
11,1,1
12,0,0
13,0,0
14,0,0
15,1,1
16,0,0
17,1,1
18,0,0
19,0,0
20,1,1
21,0,0
22,0,0
23,0,0
24,1,1
25,1,1
26,1,1
27,1,1
28,0,0
29,0,0
30,1,1
31,1,1
32,1,1
33,1,1
34,1,1
35,1,1
36,1,1
37,1,1
38,1,1
39,1,1
40,1,1
41,1,1
42,1,1
43,1,1
44,0,0
45,1,1
46,0,0
47,1,1
48,1,1
49,1,1
50,1,1
51,0,0
52,1,1
53,1,1
54,1,1
55,1,1
56,1,1
57,1,1
58,0,0
59,1,1
60,0,0
61,0,0
62,1,1
63,1,1
64,1,1
65,1,1
66,1,1
67,1,1
68,1,1
69,1,1
70,1,1
71,1,1
72,1,1
73,0,0
74,1,1
75,0,0
76,1,1
77,1,1
78,0,0
79,1,1
80,1,1
81,1,1
82,0,0
83,1,1
84,1,1
85,1,1
86,1,1
87,1,1
88,1,1
89,0,0
90,0,0
91,0,0
92,0,0
93,1,1
94,0,0
95,1,1
96,1,1
97,1,1
98,1,1
99,0,0
100,1,1
101,1,1
102,1,1
103,1,1
104,1,1
105,1,1
106,1,1
107,1,1
108,1,1
109,1,1
110,1,1
111,0,0
112,1,1
113,1,1
114,1,1
115,1,1
116,1,1
117,0,0
118,1,1
119,1,1
120,1,1
121,1,1
122,1,1
123,1,1
124,0,0
125,0,0
126,1,1
127,0,0
128,1,1
129,0,0
130,1,1
131,0,0
132,0,0
133,1,1
134,1,1
135,1,1
136,0,0
137,0,0
138,1,1
139,1,1
140,0,0
141,1,1
142,0,0
143,0,0
144,0,0
145,1,1
146,1,1
147,1,1
148,0,0
149,1,1
150,0,0
151,1,1
152,1,1
153,1,1
154,1,1
155,0,0
156,1,1
157,1,1
158,1,1
159,1,1
160,1,1
161,1,1
162,1,1
163,1,1
164,1,1
165,1,1
166,0,0
167,1,1
168,1,1
169,0,0
170,1,1
171,1,1
172,1,1
173,0,0
174,0,0
175,1,1
176,1,1
177,0,0
178,1,1
179,1,1
180,1,1
181,1,1
182,0,0
183,0,0
184,0,0
185,0,0
186,1,1
187,1,1
188,0,0
189,0,0
190,0,0
191,1,1
192,0,0
193,0,0
194,0,0
195,0,0
196,1,1
197,0,0
198,1,1
199,1,1
200,1,1
201,1,1
202,1,1
203,1,1
204,1,1
205,1,1
206,1,1
207,1,1
208,1,1
209,0,0
210,1,1
211,1,1
212,1,1
213,1,1
214,1,1
215,1,1
216,1,1
217,1,1
218,0,0
219,1,1
220,1,1
221,0,0
222,0,0
223,1,1
224,1,1
225,0,0
226,1,1
227,1,1
228,1,1
229,1,1
230,1,1
231,0,0
232,0,0
233,1,1
234,1,1
235,1,1
236,1,1
237,1,1
238,1,1
239,1,1
240,1,1
241,0,0
242,1,1
243,1,1
244,1,1
245,1,1
246,1,1
247,1,1
248,1,1
249,1,1
250,1,1
251,1,1
252,1,1
253,1,1
254,1,1
255,0,0
256,0,0
257,1,1
258,1,1
259,1,1
260,1,1
261,1,1
262,0,0
263,0,0
264,1,1
265,0,0
266,0,0
267,0,0
268,1,1
269,0,0
270,1,1
271,0,0
272,0,0
273,1,1
274,1,1
275,1,1
276,1,1
277,0,0
278,1,1
279,0,0
280,0,0
281,1,1
282,1,1
283,1,1
284,1,1
285,1,1
286,1,1
287,0,0
288,0,0
289,1,1
290,0,0
291,0,0
292,1,1
293,1,1
294,1,1
295,0,0
296,1,1
297,0,0
298,1,1
299,1,1
300,0,0
301,1,1
302,1,1
303,1,1
304,1,1
305,1,1
306,1,1
307,0,0
308,1,1
309,1,1
310,1,1
311,1,1
312,0,0
313,0,0
314,1,1
315,1,1
316,0,0
317,1,1
318,0,0
319,0,0
320,1,1
321,1,1
322,0,0
323,1,1
324,1,1
325,1,1
326,1,1
327,1,1
328,1,1
329,1,1
330,0,0
331,1,1
332,0,0
333,1,1
334,1,1
335,0,0
336,1,1
337,1,1
338,1,1
339,1,1
340,0,0
341,1,1
342,1,1
343,0,0
344,0,0
345,0,0
346,1,1
347,1,1
348,1,1
349,0,0
350,1,1
351,1,1
352,1,1
353,1,1
354,1,1
355,1,1
356,1,1
357,0,0
358,1,1
359,0,0
360,0,0
361,0,0
362,1,1
363,1,1
364,1,1
365,0,0
366,1,1
367,0,0
368,0,0
369,0,0
370,1,1
371,0,0
372,0,0
373,1,1
374,0,0
375,0,0
376,1,1
377,1,1
378,1,1
379,1,1
380,1,1
381,1,1
382,1,1
383,0,0
384,1,1
385,1,1
386,0,0
387,1,1
388,1,1
389,1,1
390,1,1
391,1,1
392,1,1
393,1,1
394,0,0
395,1,1
396,1,1
397,1,1
398,1,1
399,0,0
400,0,0
401,1,1
402,1,1
403,1,1
404,1,1
405,1,1
406,0,0
407,1,1
408,1,1
409,1,1
410,0,0
411,1,1
412,1,1
413,1,1
414,1,1
415,1,1
416,0,0
417,1,1
418,1,1
419,1,1
420,1,1
421,1,1
422,1,1
423,1,1
424,0,0
425,0,0
426,0,0
427,0,0
428,1,1
429,0,0
430,1,1
431,1,1
432,1,1
433,0,0
434,1,1
435,1,1
436,1,1
437,0,0
438,1,1
439,0,0
440,1,1
441,1,1
442,1,1
443,1,1
444,0,0
445,1,1
446,1,1
447,1,1
448,1,1
449,1,1
450,1,1
451,1,1
452,0,0
453,1,1
454,0,0
455,1,1
456,0,0
457,1,1
458,1,1
459,0,0
460,1,1
461,1,1
462,1,1
463,1,1
464,1,1
465,0,0
466,1,1
467,0,0
468,0,0
469,1,1
470,1,1
471,0,0
472,0,0
473,1,1
474,1,1
475,1,1
476,0,0
477,1,1
478,0,0
479,1,1
480,1,1
481,0,0
482,1,1
483,1,1
484,1,1
485,1,1
486,1,1
487,1,1
488,1,1
489,0,0
490,1,1
491,1,1
492,0,0
493,0,0
494,0,0
495,0,0
496,0,0
497,0,0
498,1,1
499,1,1
500,0,0
501,1,1
502,1,1
503,0,0
504,0,0
505,0,0
506,1,1
507,1,1
508,0,0
509,1,1
510,0,0
511,0,0
512,0,0
513,1,1
514,0,0
515,1,1
516,1,1
517,1,1
518,1,1
519,0,0
520,0,0
521,0,0
522,1,1
523,0,0
524,1,1
525,0,0
526,0,0
527,1,1
528,1,1
529,1,1
530,1,1
531,1,1
532,1,1
533,0,0
534,1,1
535,1,1
536,1,1
537,1,1
538,1,1
539,1,1
540,1,1
541,1,1
542,1,1
543,1,1
544,1,1
545,0,0
546,0,0
547,1,1
548,0,0
549,0,0
550,1,1
551,1,1
552,0,0
553,1,1
554,1,1
555,0,0
556,1,1
557,1,1
558,1,1
559,1,1
560,1,1
561,1,1
562,0,0
563,1,1
564,1,1
565,1,1
566,1,1
567,1,1
568,1,1
569,1,1
570,0,0
571,1,1
572,0,0
573,1,1
574,1,1
575,1,1
576,1,1
577,1,1
578,1,1
579,0,0
580,0,0
581,1,1
582,1,1
583,1,1
584,0,0
585,0,0
586,1,1
587,1,1
588,1,1
589,1,1
590,0,0
591,0,0
592,1,1
593,1,1
594,0,0
595,0,0
596,1,1
597,1,1
598,0,0
599,1,1
600,1,1
601,0,0
602,1,1
603,1,1
604,1,1
605,1,1
606,1,1
607,1,1
608,1,1
609,1,1
610,0,0
611,0,0
612,0,0
613,0,0
614,1,1
615,1,1
616,0,0
617,0,0
618,1,1
619,1,1
620,1,1
621,0,0
622,1,1
623,0,0
624,0,0
625,0,0
626,0,0
627,1,1
628,1,1
629,1,1
630,1,1
631,1,1
632,0,0
633,1,1
634,0,0
635,1,1
636,1,1
637,1,1
638,0,0
639,1,1
640,0,0
641,1,1
642,0,0
643,0,0
644,0,0
645,0,0
646,1,1
647,1,1
648,1,1
649,0,0
650,1,1
651,1,1
652,1,1
653,0,0
654,1,1
655,1,1
656,1,1
657,1,1
658,1,1
659,0,0
660,1,1
661,1,1
662,1,1
663,1,1
664,1,1
665,0,0
666,1,1
667,1,1
668,1,1
669,1,1
670,1,1
671,0,0
672,1,1
673,0,0
674,0,0
675,0,0
676,1,1
677,1,1
678,1,1
679,1,1
680,0,0
681,1,1
682,0,0
683,1,1
684,1,1
685,1,1
686,1,1
687,1,1
688,1,1
689,1,1
690,1,1
691,1,1
692,0,0
693,1,1
694,1,1
695,1,1
696,0,0
697,0,0
698,1,1
699,1,1
700,1,1
701,1,1
702,1,1
703,1,1
704,1,1
705,1,1
706,1,1
707,0,0
708,0,0
709,1,1
710,0,0
711,0,0
712,1,1
713,1,1
714,0,0
715,1,1
716,0,0
717,0,0
718,1,1
719,1,1
720,1,1
721,1,1
722,1,1
723,1,1
724,1,1
725,1,1
726,1,1
727,1,1
728,1,1
729,1,1
730,0,0
731,1,1
732,1,1
733,1,1
734,1,1
735,0,0
736,1,1
737,1,1
738,0,0
739,1,1
740,1,1
741,1,1
742,1,1
743,1,1
744,0,0
745,0,0
746,1,1
747,0,0
748,0,0
749,0,0
750,0,0
751,1,1
752,1,1
753,1,1
754,0,0
755,0,0
756,1,1
757,1,1
758,1,1
759,1,1
760,1,1
761,1,1
762,1,1
763,0,0
764,0,0
765,1,1
766,1,1
767,0,0
768,1,1
769,1,1
770,0,0
771,1,1
772,0,0
773,0,0
774,1,1
775,1,1
776,1,1
777,1,1
778,1,1
779,1,1
780,1,1
781,0,0
782,0,0
783,1,1
784,1,1
785,1,1
786,1,1
787,1,1
788,1,1
789,0,0
790,1,1
791,1,1
792,0,0
793,0,0
794,1,1
795,1,1
796,0,0
797,1,1
798,0,0
799,0,0
800,1,1
801,0,0
802,1,1
803,0,0
804,0,0
805,0,0
806,1,1
807,0,0
808,1,1
809,1,1
810,1,1
811,0,0
812,1,1
813,1,1
814,1,1
815,1,1
816,0,0
817,0,0
818,1,1
819,1,1
820,1,1
821,1,1
822,1,1
823,0,0
824,0,0
825,1,1
826,1,1
827,1,1
828,1,1
829,1,1
830,1,1
831,1,1
832,1,1
833,0,0
834,1,1
835,1,1
836,1,1
837,0,0
838,0,0
839,0,0
840,0,0
841,0,0
842,1,1
843,0,0
844,1,1
845,1,1
846,1,1
847,0,0
848,1,1
849,1,1
850,0,0
851,1,1
852,0,0
853,0,0
854,0,0
855,0,0
856,0,0
857,1,1
858,1,1
859,1,1
860,0,0
861,1,1
862,1,1
863,1,1
864,1,1
865,1,1
866,0,0
867,0,0
868,1,1
869,1,1
870,1,1
871,1,1
872,0,0
873,1,1
874,1,1
875,1,1
876,1,1
877,0,0
878,1,1
879,1,1
880,1,1
881,1,1
882,1,1
883,0,0
884,0,0
885,0,0
886,0,0
887,1,1
888,1,1
889,1,1
890,1,1
891,1,1
892,1,1
893,1,1
894,1,1
895,0,0
896,0,0
897,0,0
898,1,1
899,0,0
900,1,1
901,1,1
902,1,1
903,1,1
904,0,0
905,1,1
906,1,1
907,1,1
908,0,0
909,1,1
910,1,1
911,1,1
912,0,0
913,1,1
914,0,0
915,1,1
916,1,1
917,1,1
918,1,1
919,1,1
920,1,1
921,0,0
922,0,0
923,1,1
924,1,1
925,0,0
926,1,1
927,1,1
928,0,0
929,1,1
930,1,1
931,1,1
932,1,1
933,0,0
934,1,1
935,0,0
936,0,0
937,0,0
938,0,0
939,0,0
940,1,1
941,1,1
942,0,0
943,0,0
944,1,1
945,1,1
946,0,0
947,1,1
948,0,0
949,0,0
950,1,1
951,1,1
952,1,1
953,0,0
954,1,1
955,0,0
956,1,1
957,0,0
958,0,0
959,0,0
960,0,0
961,1,1
962,0,0
963,1,1
964,0,0
965,1,1
966,1,1
967,1,1
968,0,0
969,1,1
970,0,0
971,1,1
972,1,1
973,1,1
974,1,1
975,1,1
976,1,1
977,1,1
978,1,1
979,1,1
980,0,0
981,0,0
982,0,0
983,1,1
984,1,1
985,1,1
986,1,1
987,1,1
988,0,0
989,1,1
990,1,1
991,1,1
992,1,1
993,1,1
994,1,1
995,1,1
996,1,1
997,1,1
998,1,1
999,1,1
1000,1,1
1001,0,0
1002,1,1
1003,1,1
1004,1,1
1005,1,1
1006,0,0
1007,1,1
1008,0,0
1009,0,0
1010,1,1
1011,0,0
1012,0,0
1013,1,1
1014,0,0
1015,1,1
1016,1,1
1017,1,1
1018,1,1
1019,1,1
1020,0,0
1021,1,1
1022,0,0
1023,1,1
1024,1,1
1025,0,0
1026,0,0
1027,1,1
1028,1,1
1029,1,1
1030,1,1
1031,0,0
1032,0,0
1033,1,1
1034,1,1
1035,0,0
1036,1,1
1037,1,1
1038,1,1
1039,1,1
1040,1,1
1041,0,0
1042,1,1
1043,1,1
1044,1,1
1045,1,1
1046,1,1
1047,1,1
1048,0,0
1049,0,0
1050,0,0
1051,1,1
1052,1,1
1053,0,0
1054,1,1
1055,0,0
1056,1,1
1057,1,1
1058,1,1
1059,1,1
1060,1,1
1061,0,0
1062,1,1
1063,1,1
1064,0,0
1065,1,1
1066,1,1
1067,1,1
1068,1,1
1069,1,1
1070,0,0
1071,1,1
1072,1,1
1073,0,0
1074,1,1
1075,1,1
1076,0,0
1077,0,0
1078,1,1
1079,1,1
1080,1,1
1081,1,1
1082,1,1
1083,1,1
1084,1,1
1085,1,1
1086,1,1
1087,0,0
1088,1,1
1089,1,1
1090,1,1
1091,0,0
1092,0,0
1093,1,1
1094,0,0
1095,1,1
1096,1,1
1097,1,1
1098,1,1
1099,1,1
1100,1,1
1101,0,0
1102,1,1
1103,1,1
1104,1,1
1105,1,1
1106,0,0
1107,1,1
1108,0,0
1109,0,0
1110,1,1
1111,1,1
1112,1,1
1113,1,1
1114,0,0
1115,1,1
1116,1,1
1117,0,0
1118,1,1
1119,1,1
1120,1,1
1121,0,0
1122,0,0
1123,1,1
1124,0,0
1125,1,1
1126,0,0
1127,1,1
1128,1,1
1129,1,1
1130,0,0
1131,1,1
1132,0,0
1133,1,1
1134,0,0
1135,1,1
1136,1,1
1137,1,1
1138,0,0
1139,1,1
1140,1,1
1141,1,1
1142,1,1
1143,1,1
1144,1,1
1145,1,1
1146,0,0
1147,1,1
1148,1,1
1149,0,0
1150,1,1
1151,0,0
1152,0,0
1153,0,0
1154,1,1
1155,1,1
1156,1,1
1157,1,1
1158,1,1
1159,0,0
1160,0,0
1161,0,0
1162,1,1
1163,1,1
1164,0,0
1165,1,1
1166,0,0
1167,1,1
1168,0,0
1169,0,0
1170,1,1
1171,1,1
1172,0,0
1173,1,1
1174,0,0
1175,1,1
1176,1,1
1177,1,1
1178,0,0
1179,0,0
1180,1,1
1181,1,1
1182,0,0
1183,1,1
1184,1,1
1185,1,1
1186,0,0
1187,1,1
1188,1,1
1189,1,1
1190,0,0
1191,1,1
1192,1,1
1193,1,1
1194,1,1
1195,0,0
1196,0,0
1197,0,0
1198,0,0
1199,0,0
1200,1,1
1201,1,1
1202,0,0
1203,1,1
1204,0,0
1205,1,1
1206,1,1
1207,1,1
1208,1,1
1209,1,1
1210,1,1
1211,0,0
1212,1,1
1213,1,1
1214,1,1
1215,0,0
1216,0,0
1217,1,1
1218,0,0
1219,0,0
1220,1,1
1221,1,1
1222,0,0
1223,1,1
1224,0,0
1225,1,1
1226,1,1
1227,1,1
1228,1,1
1229,1,1
1230,1,1
1231,1,1
1232,1,1
1233,1,1
1234,1,1
1235,1,1
1236,0,0
1237,1,1
1238,1,1
1239,1,1
1240,1,1
1241,1,1
1242,0,0
1243,0,0
1244,1,1
1245,1,1
1246,0,0
1247,0,0
1248,1,1
1249,1,1
1250,0,0
1251,0,0
1252,1,1
1253,1,1
1254,1,1
1255,1,1
1256,0,0
1257,1,1
1258,0,0
1259,0,0
1260,1,1
1261,1,1
1262,0,0
1263,1,1
1264,1,1
1265,1,1
1266,1,1
1267,0,0
1268,1,1
1269,1,1
1270,0,0
1271,0,0
1272,0,0
1273,1,1
1274,0,0
1275,0,0
1276,1,1
1277,1,1
1278,0,0
1279,0,0
1280,1,1
1281,0,0
1282,0,0
1283,0,0
1284,0,0
1285,1,1
1286,1,1
1287,1,1
1288,1,1
1289,1,1
1290,1,1
1291,0,0
1292,1,1
1293,1,1
1294,1,1
1295,1,1
1296,1,1
1297,1,1
1298,1,1
1299,1,1
1300,1,1
1301,0,0
1302,1,1
1303,0,0
1304,1,1
1305,1,1
1306,1,1
1307,0,0
1308,1,1
1309,1,1
1310,1,1
1311,1,1
1312,0,0
1313,1,1
1314,0,0
1315,1,1
1316,1,1
1317,0,0
1318,0,0
1319,1,1
1320,1,1
1321,1,1
1322,0,0
1323,1,1
1324,1,1
1325,0,0
1326,0,0
1327,0,0
1328,0,0
1329,1,1
1330,1,1
1331,1,1
1332,0,0
1333,0,0
1334,1,1
1335,0,0
1336,0,0
1337,1,1
1338,1,1
1339,1,1
1340,1,1
1341,1,1
1342,1,1
1343,1,1
1344,1,1
1345,0,0
1346,1,1
1347,1,1
1348,1,1
1349,1,1
1350,1,1
1351,1,1
1352,1,1
1353,1,1
1354,1,1
1355,1,1
1356,0,0
1357,1,1
1358,1,1
1359,0,0
1360,1,1
1361,1,1
1362,1,1
1363,0,0
1364,1,1
1365,0,0
1366,0,0
1367,1,1
1368,1,1
1369,1,1
1370,1,1
1371,0,0
1372,1,1
1373,1,1
1374,1,1
1375,1,1
1376,1,1
1377,1,1
1378,1,1
1379,0,0
1380,0,0
1381,1,1
1382,1,1
1383,0,0
1384,1,1
1385,1,1
1386,1,1
1387,0,0
1388,0,0
1389,1,1
1390,1,1
1391,1,1
1392,1,1
1393,1,1
1394,1,1
1395,1,1
1396,1,1
1397,0,0
1398,0,0
1399,0,0
1400,0,0
1401,1,1
1402,1,1
1403,0,0
1404,1,1
1405,0,0
1406,1,1
1407,0,0
1408,1,1
1409,0,0
1410,0,0
1411,1,1
1412,0,0
1413,1,1
1414,1,1
1415,0,0
1416,1,1
1417,1,1
1418,1,1
1419,1,1
1420,1,1
1421,1,1
1422,1,1
1423,0,0
1424,1,1
1425,1,1
1426,0,0
1427,0,0
1428,1,1
1429,1,1
1430,1,1
1431,1,1
1432,1,1
1433,1,1
1434,0,0
1435,1,1
1436,1,1
1437,1,1
1438,0,0
1439,1,1
1440,1,1
1441,1,1
1442,0,0
1443,0,0
1444,0,0
1445,1,1
1446,0,0
1447,0,0
1448,1,1
1449,0,0
1450,1,1
1451,0,0
1452,1,1
1453,0,0
1454,1,1
1455,1,1
1456,1,1
1457,1,1
1458,1,1
1459,1,1
1460,1,1
1461,0,0
1462,0,0
1463,1,1
1464,1,1
1465,1,1
1466,1,1
1467,1,1
1468,1,1
1469,0,0
1470,0,0
1471,1,1
1472,1,1
1473,0,0
1474,0,0
1475,1,1
1476,0,0
1477,0,0
1478,0,0
1479,1,1
1480,0,0
1481,0,0
1482,1,1
1483,1,1
1484,1,1
1485,1,1
1486,1,1
1487,0,0
1488,1,1
1489,1,1
1490,1,1
1491,1,1
1492,1,1
1493,1,1
1494,1,1
1495,1,1
1496,1,1
1497,0,0
1498,1,1
1499,0,0
1500,0,0
1501,1,1
1502,1,1
1503,1,1
1504,0,0
1505,1,1
1506,1,1
1507,1,1
1508,0,0
1509,1,1
1510,1,1
1511,1,1
1512,1,1
1513,1,1
1514,1,1
1515,0,0
1516,0,0
1517,1,1
1518,0,0
1519,0,0
1520,1,1
1521,1,1
1522,1,1
1523,0,0
1524,1,1
1525,1,1
1526,1,1
1527,0,0
1528,1,1
1529,1,1
1530,0,0
1531,0,0
1532,1,1
1533,1,1
1534,1,1
1535,0,0
1536,1,1
1537,1,1
1538,1,1
1539,0,0
1540,0,0
1541,0,0
1542,1,1
1543,1,1
1544,1,1
1545,1,1
1546,1,1
1547,0,0
1548,0,0
1549,1,1
1550,1,1
1551,1,1
1552,1,1
1553,0,0
1554,1,1
1555,1,1
1556,1,1
1557,1,1
1558,0,0
1559,1,1
1560,1,1
1561,1,1
1562,1,1
1563,0,0
1564,0,0
1565,0,0
1566,1,1
1567,0,0
1568,1,1
1569,0,0
1570,0,0
1571,1,1
1572,1,1
1573,1,1
1574,1,1
1575,1,1
1576,1,1
1577,0,0
1578,0,0
1579,1,1
1580,1,1
1581,1,1
1582,1,1
1583,1,1
1584,1,1
1585,1,1
1586,1,1
1587,1,1
1588,0,0
1589,1,1
1590,1,1
1591,1,1
1592,0,0
1593,1,1
1594,1,1
1595,0,0
1596,0,0
1597,0,0
1598,1,1
1599,1,1
1600,0,0
1601,1,1
1602,1,1
1603,0,0
1604,1,1
1605,0,0
1606,1,1
1607,1,1
1608,1,1
1609,0,0
1610,1,1
1611,1,1
1612,1,1
1613,1,1
1614,1,1
1615,1,1
1616,1,1
1617,1,1
1618,1,1
1619,0,0
1620,1,1
1621,0,0
1622,1,1
1623,0,0
1624,1,1
1625,1,1
1626,1,1
1627,0,0
1628,1,1
1629,1,1
1630,1,1
1631,1,1
1632,0,0
1633,0,0
1634,1,1
1635,0,0
1636,1,1
1637,1,1
1638,0,0
1639,1,1
1640,0,0
1641,0,0
1642,1,1
1643,1,1
1644,1,1
1645,1,1
1646,1,1
1647,1,1
1648,0,0
1649,1,1
1650,1,1
1651,1,1
1652,1,1
1653,1,1
1654,1,1
1655,0,0
1656,1,1
1657,1,1
1658,1,1
1659,1,1
1660,1,1
1661,0,0
1662,1,1
1663,0,0
1664,0,0
1665,1,1
1666,1,1
1667,0,0
1668,1,1
1669,0,0
1670,0,0
1671,1,1
1672,1,1
1673,1,1
1674,0,0
1675,1,1
1676,0,0
1677,1,1
1678,1,1
1679,1,1
1680,1,1
1681,1,1
1682,0,0
1683,1,1
1684,1,1
1685,0,0
1686,0,0
1687,1,1
1688,1,1
1689,1,1
1690,1,1
1691,1,1
1692,1,1
1693,1,1
1694,0,0
1695,1,1
1696,1,1
1697,1,1
1698,1,1
1699,1,1
1700,0,0
1701,1,1
1702,0,0
1703,1,1
1704,0,0
1705,1,1
1706,0,0
1707,1,1
1708,1,1
1709,1,1
1710,1,1
1711,1,1
1712,1,1
1713,0,0
1714,1,1
1715,0,0
1716,1,1
1717,1,1
1718,1,1
1719,0,0
1720,0,0
1721,0,0
1722,0,0
1723,0,0
1724,0,0
1725,0,0
1726,1,1
1727,0,0
1728,1,1
1729,1,1
1730,0,0
1731,1,1
1732,1,1
1733,1,1
1734,0,0
1735,0,0
1736,1,1
1737,1,1
1738,1,1
1739,1,1
1740,1,1
1741,0,0
1742,0,0
1743,1,1
1744,1,1
1745,1,1
1746,1,1
1747,1,1
1748,0,0
1749,1,1
1750,0,0
1751,1,1
1752,0,0
1753,0,0
1754,0,0
1755,0,0
1756,1,1
1757,1,1
1758,1,1
1759,1,1
1760,1,1
1761,0,0
1762,0,0
1763,0,0
1764,1,1
1765,1,1
1766,1,1
1767,0,0
1768,1,1
1769,0,0
1770,1,1
1771,0,0
1772,1,1
1773,1,1
1774,0,0
1775,1,1
1776,1,1
1777,1,1
1778,1,1
1779,1,1
1780,1,1
1781,0,0
1782,1,1
1783,1,1
1784,1,1
1785,1,1
1786,1,1
1787,0,0
1788,1,1
1789,1,1
1790,1,1
1791,0,0
1792,1,1
1793,1,1
1794,1,1
1795,1,1
1796,0,0
1797,1,1
1798,0,0
1799,1,1
1800,1,1
1801,1,1
1802,0,0
1803,1,1
1804,0,0
1805,1,1
1806,1,1
1807,1,1
1808,0,0
1809,1,1
1810,1,1
1811,1,1
1812,0,0
1813,1,1
1814,0,0
1815,1,1
1816,1,1
1817,1,1
1818,0,0
1819,0,0
1820,1,1
1821,1,1
1822,0,0
1823,0,0
1824,1,1
1825,0,0
1826,1,1
1827,0,0
1828,0,0
1829,1,1
1830,1,1
1831,0,0
1832,0,0
1833,1,1
1834,1,1
1835,1,1
1836,1,1
1837,1,1
1838,1,1
1839,0,0
1840,0,0
1841,0,0
1842,0,0
1843,1,1
1844,1,1
1845,1,1
1846,0,0
1847,1,1
1848,1,1
1849,0,0
1850,1,1
1851,1,1
1852,0,0
1853,1,1
1854,0,0
1855,1,1
1856,0,0
1857,1,1
1858,1,1
1859,1,1
1860,1,1
1861,1,1
1862,1,1
1863,1,1
1864,0,0
1865,1,1
1866,0,0
1867,1,1
1868,0,0
1869,0,0
1870,0,0
1871,0,0
1872,0,0
1873,1,1
1874,0,0
1875,1,1
1876,0,0
1877,1,1
1878,1,1
1879,1,1
1880,1,1
1881,1,1
1882,1,1
1883,1,1
1884,0,0
1885,1,1
1886,0,0
1887,0,0
1888,0,0
1889,1,1
1890,1,1
1891,1,1
1892,0,0
1893,1,1
1894,1,1
1895,1,1
1896,1,1
1897,1,1
1898,1,1
1899,1,1
1900,0,0
1901,1,1
1902,1,1
1903,1,1
1904,1,1
1905,1,1
1906,1,1
1907,0,0
1908,1,1
1909,1,1
1910,1,1
1911,1,1
1912,0,0
1913,0,0
1914,1,1
1915,0,0
1916,1,1
1917,1,1
1918,1,1
1919,1,1
1920,1,1
1921,0,0
1922,1,1
1923,1,1
1924,0,0
1925,1,1
1926,1,1
1927,1,1
1928,1,1
1929,0,0
1930,0,0
1931,0,0
1932,1,1
1933,1,1
1934,1,1
1935,1,1
1936,1,1
1937,1,1
1938,1,1
1939,0,0
1940,1,1
1941,1,1
1942,0,0
1943,1,1
1944,0,0
1945,1,1
1946,1,1
1947,1,1
1948,0,0
1949,1,1
1950,0,0
1951,0,0
1952,1,1
1953,1,1
1954,1,1
1955,0,0
1956,1,1
1957,1,1
1958,0,0
1959,0,0
1960,1,1
1961,0,0
1962,1,1
1963,0,0
1964,0,0
1965,1,1
1966,1,1
1967,1,1
1968,0,0
1969,0,0
1970,0,0
1971,0,0
1972,1,1
1973,1,1
1974,1,1
1975,0,0
1976,0,0
1977,0,0
1978,1,1
1979,1,1
1980,1,1
1981,1,1
1982,0,0
1983,1,1
1984,0,0
1985,1,1
1986,0,0
1987,1,1
1988,1,1
1989,1,1
1990,0,0
1991,0,0
1992,1,1
1993,1,1
1994,1,1
1995,1,1
1996,1,1
1997,0,0
1998,1,1
1999,0,0
2000,0,0
2001,1,1
2002,1,1
2003,0,0
2004,1,1
2005,0,0
2006,1,1
2007,1,1
2008,0,0
2009,1,1
2010,1,1
2011,1,1
2012,1,1
2013,1,1
2014,1,1
2015,1,1
2016,1,1
2017,1,1
2018,1,1
2019,1,1
2020,0,0
2021,1,1
2022,1,1
2023,1,1
2024,1,1
2025,0,0
2026,0,0
2027,1,1
2028,1,1
2029,1,1
2030,0,0
2031,1,1
2032,1,1
2033,1,1
2034,0,0
2035,0,0
2036,1,1
2037,1,1
2038,1,1
2039,0,0
2040,1,1
2041,1,1
2042,0,0
2043,1,1
2044,0,0
2045,1,1
2046,1,1
2047,0,0
2048,0,0
2049,0,0
2050,1,1
2051,1,1
2052,1,1
2053,0,0
2054,1,1
2055,1,1
2056,0,0
2057,0,0
2058,0,0
2059,0,0
2060,0,0
2061,0,0
2062,0,0
2063,1,1
2064,1,1
2065,0,0
2066,1,1
2067,1,1
2068,0,0
2069,0,0
2070,1,1
2071,0,0
2072,1,1
2073,1,1
2074,1,1
2075,0,0
2076,0,0
2077,0,0
2078,1,1
2079,1,1
2080,0,0
2081,1,1
2082,1,1
2083,0,0
2084,1,1
2085,1,1
2086,1,1
2087,1,1
2088,1,1
2089,1,1
2090,1,1
2091,0,0
2092,1,1
2093,0,0
2094,1,1
2095,1,1
2096,1,1
2097,1,1
2098,1,1
2099,1,1
2100,0,0
2101,1,1
2102,1,1
2103,0,0
2104,1,1
2105,1,1
2106,0,0
2107,1,1
2108,1,1
2109,1,1
2110,1,1
2111,1,1
2112,1,1
2113,1,1
2114,1,1
2115,0,0
2116,1,1
2117,1,1
2118,1,1
2119,0,0
2120,1,1
2121,1,1
2122,0,0
2123,0,0
2124,0,0
2125,1,1
2126,1,1
2127,1,1
2128,1,1
2129,0,0
2130,1,1
2131,0,0
2132,0,0
2133,1,1
2134,1,1
2135,0,0
2136,1,1
2137,0,0
2138,1,1
2139,1,1
2140,0,0
2141,1,1
2142,1,1
2143,1,1
2144,1,1
2145,1,1
2146,0,0
2147,1,1
2148,1,1
2149,1,1
2150,1,1
2151,1,1
2152,1,1
2153,1,1
2154,1,1
2155,0,0
2156,1,1
2157,0,0
2158,1,1
2159,1,1
2160,0,0
2161,0,0
2162,1,1
2163,1,1
2164,1,1
2165,1,1
2166,1,1
2167,1,1
2168,1,1
2169,1,1
2170,1,1
2171,1,1
2172,1,1
2173,1,1
2174,0,0
2175,0,0
2176,1,1
2177,1,1
2178,1,1
2179,0,0
2180,1,1
2181,1,1
2182,0,0
2183,1,1
2184,1,1
2185,1,1
2186,1,1
2187,1,1
2188,1,1
2189,0,0
2190,1,1
2191,1,1
2192,0,0
2193,0,0
2194,1,1
2195,1,1
2196,0,0
2197,1,1
2198,1,1
2199,1,1
2200,1,1
2201,1,1
2202,1,1
2203,0,0
2204,1,1
2205,1,1
2206,1,1
2207,1,1
2208,1,1
2209,1,1
2210,1,1
2211,1,1
2212,0,0
2213,1,1
2214,1,1
2215,0,0
2216,0,0
2217,1,1
2218,1,1
2219,0,0
2220,1,1
2221,1,1
2222,1,1
2223,0,0
2224,0,0
2225,1,1
2226,0,0
2227,1,1
2228,1,1
2229,0,0
2230,1,1
2231,1,1
2232,1,1
2233,1,1
2234,0,0
2235,0,0
2236,1,1
2237,0,0
2238,1,1
2239,1,1
2240,1,1
2241,1,1
2242,0,0
2243,1,1
2244,1,1
2245,1,1
2246,1,1
2247,0,0
2248,1,1
2249,0,0
2250,0,0
2251,1,1
2252,1,1
2253,1,1
2254,0,0
2255,1,1
2256,0,0
2257,1,1
2258,1,1
2259,0,0
2260,0,0
2261,1,1
2262,1,1
2263,1,1
2264,0,0
2265,0,0
2266,1,1
2267,0,0
2268,0,0
2269,1,1
2270,1,1
2271,0,0
2272,1,1
2273,1,1
2274,1,1
2275,1,1
2276,1,1
2277,1,1
2278,0,0
2279,0,0
2280,1,1
2281,0,0
2282,1,1
2283,0,0
2284,1,1
2285,1,1
2286,0,0
2287,0,0
2288,0,0
2289,0,0
2290,1,1
2291,1,1
2292,1,1
2293,1,1
2294,0,0
2295,1,1
2296,1,1
2297,1,1
2298,1,1
2299,1,1
2300,1,1
2301,0,0
2302,1,1
2303,0,0
2304,1,1
2305,1,1
2306,1,1
2307,0,0
2308,1,1
2309,0,0
2310,0,0
2311,1,1
2312,0,0
2313,1,1
2314,1,1
2315,1,1
2316,1,1
2317,1,1
2318,1,1
2319,0,0
2320,1,1
2321,1,1
2322,1,1
2323,1,1
2324,1,1
2325,1,1
2326,1,1
2327,0,0
2328,1,1
2329,1,1
2330,0,0
2331,1,1
2332,0,0
2333,1,1
2334,1,1
2335,1,1
2336,1,1
2337,1,1
2338,1,1
2339,1,1
2340,0,0
2341,0,0
2342,1,1
2343,1,1
2344,1,1
2345,0,0
2346,0,0
2347,1,1
2348,1,1
2349,0,0
2350,0,0
2351,1,1
2352,0,0
2353,1,1
2354,1,1
2355,1,1
2356,0,0
2357,1,1
2358,1,1
2359,1,1
2360,1,1
2361,0,0
2362,0,0
2363,0,0
2364,1,1
2365,0,0
2366,1,1
2367,1,1
2368,1,1
2369,1,1
2370,1,1
2371,1,1
2372,1,1
2373,0,0
2374,1,1
2375,0,0
2376,1,1
2377,1,1
2378,1,1
2379,0,0
2380,0,0
2381,1,1
2382,1,1
2383,1,1
2384,0,0
2385,1,1
2386,0,0
2387,1,1
2388,1,1
2389,1,1
2390,1,1
2391,1,1
2392,1,1
2393,1,1
2394,1,1
2395,0,0
2396,1,1
2397,1,1
2398,1,1
2399,1,1
2400,0,0
2401,1,1
2402,1,1
2403,1,1
2404,0,0
2405,1,1
2406,1,1
2407,0,0
2408,1,1
2409,1,1
2410,1,1
2411,1,1
2412,1,1
2413,1,1
2414,0,0
2415,1,1
2416,1,1
2417,1,1
2418,1,1
2419,1,1
2420,1,1
2421,1,1
2422,1,1
2423,0,0
2424,1,1
2425,0,0
2426,0,0
2427,0,0
2428,0,0
2429,1,1
2430,1,1
2431,1,1
2432,0,0
2433,1,1
2434,0,0
2435,0,0
2436,1,1
2437,1,1
2438,0,0
2439,1,1
2440,0,0
2441,0,0
2442,1,1
2443,1,1
2444,1,1
2445,1,1
2446,1,1
2447,1,1
2448,0,0
2449,0,0
2450,1,1
2451,1,1
2452,1,1
2453,0,0
2454,1,1
2455,1,1
2456,1,1
2457,1,1
2458,0,0
2459,1,1
2460,1,1
2461,1,1
2462,1,1
2463,0,0
2464,0,0
2465,1,1
2466,0,0
2467,0,0
2468,0,0
2469,1,1
2470,1,1
2471,0,0
2472,1,1
2473,1,1
2474,1,1
2475,1,1
2476,1,1
2477,0,0
2478,1,1
2479,1,1
2480,1,1
2481,1,1
2482,1,1
2483,1,1
2484,1,1
2485,1,1
2486,1,1
2487,0,0
2488,1,1
2489,0,0
2490,0,0
2491,0,0
2492,1,1
2493,0,0
2494,0,0
2495,1,1
2496,1,1
2497,1,1
2498,0,0
2499,0,0
2500,0,0
2501,1,1
2502,1,1
2503,1,1
2504,1,1
2505,1,1
2506,0,0
2507,1,1
2508,1,1
2509,1,1
2510,1,1
2511,1,1
2512,1,1
2513,1,1
2514,0,0
2515,1,1
2516,0,0
2517,1,1
2518,0,0
2519,1,1
2520,1,1
2521,1,1
2522,1,1
2523,1,1
2524,1,1
2525,0,0
2526,1,1
2527,1,1
2528,1,1
2529,0,0
2530,0,0
2531,0,0
2532,0,0
2533,1,1
2534,1,1
2535,1,1
2536,1,1
2537,0,0
2538,0,0
2539,1,1
2540,1,1
2541,1,1
2542,1,1
2543,1,1
2544,0,0
2545,0,0
2546,1,1
2547,1,1
2548,1,1
2549,1,1
2550,0,0
2551,0,0
2552,1,1
2553,0,0
2554,1,1
2555,1,1
2556,1,1
2557,1,1
2558,1,1
2559,0,0
2560,1,1
2561,1,1
2562,1,1
2563,1,1
2564,1,1
2565,1,1
2566,1,1
2567,1,1
2568,1,1
2569,0,0
2570,0,0
2571,1,1
2572,1,1
2573,1,1
2574,1,1
2575,1,1
2576,1,1
2577,0,0
2578,1,1
2579,1,1
2580,0,0
2581,0,0
2582,1,1
2583,0,0
2584,1,1
2585,1,1
2586,1,1
2587,1,1
2588,1,1
2589,1,1
2590,1,1
2591,1,1
2592,1,1
2593,1,1
2594,1,1
2595,1,1
2596,1,1
2597,1,1
2598,1,1
2599,0,0
2600,0,0
2601,0,0
2602,0,0
2603,1,1
2604,1,1
2605,1,1
2606,0,0
2607,0,0
2608,1,1
2609,1,1
2610,1,1
2611,1,1
2612,0,0
2613,1,1
2614,1,1
2615,1,1
2616,0,0
2617,0,0
2618,1,1
2619,1,1
2620,1,1
2621,0,0
2622,1,1
2623,1,1
2624,1,1
2625,1,1
2626,1,1
2627,1,1
2628,1,1
2629,1,1
2630,0,0
2631,1,1
2632,1,1
2633,1,1
2634,0,0
2635,1,1
2636,1,1
2637,1,1
2638,1,1
2639,0,0
2640,1,1
2641,1,1
2642,0,0
2643,1,1
2644,1,1
2645,1,1
2646,1,1
2647,1,1
2648,1,1
2649,1,1
2650,1,1
2651,0,0
2652,0,0
2653,0,0
2654,1,1
2655,0,0
2656,1,1
2657,0,0
2658,0,0
2659,1,1
2660,1,1
2661,0,0
2662,0,0
2663,1,1
2664,1,1
2665,0,0
2666,0,0
2667,1,1
2668,1,1
2669,1,1
2670,0,0
2671,1,1
2672,1,1
2673,1,1
2674,1,1
2675,1,1
2676,0,0
2677,1,1
2678,1,1
2679,0,0
2680,0,0
2681,0,0
2682,1,1
2683,0,0
2684,1,1
2685,0,0
2686,1,1
2687,1,1
2688,1,1
2689,0,0
2690,0,0
2691,0,0
2692,1,1
2693,1,1
2694,1,1
2695,1,1
2696,1,1
2697,0,0
2698,0,0
2699,1,1
2700,1,1
2701,1,1
2702,1,1
2703,0,0
2704,1,1
2705,1,1
2706,0,0
2707,1,1
2708,1,1
2709,1,1
2710,1,1
2711,0,0
2712,1,1
2713,0,0
2714,1,1
2715,1,1
2716,1,1
2717,1,1
2718,1,1
2719,1,1
2720,1,1
2721,1,1
2722,1,1
2723,1,1
2724,0,0
2725,1,1
2726,1,1
2727,1,1
2728,0,0
2729,0,0
2730,1,1
2731,0,0
2732,1,1
2733,1,1
2734,1,1
2735,1,1
2736,1,1
2737,1,1
2738,0,0
2739,1,1
2740,1,1
2741,1,1
2742,1,1
2743,1,1
2744,1,1
2745,1,1
2746,1,1
2747,1,1
2748,1,1
2749,0,0
2750,1,1
2751,1,1
2752,1,1
2753,0,0
2754,1,1
2755,1,1
2756,0,0
2757,1,1
2758,1,1
2759,1,1
2760,1,1
2761,1,1
2762,1,1
2763,0,0
2764,1,1
2765,0,0
2766,1,1
2767,0,0
2768,1,1
2769,1,1
2770,1,1
2771,1,1
2772,0,0
2773,1,1
2774,1,1
2775,1,1
2776,0,0
2777,1,1
2778,0,0
2779,1,1
2780,1,1
2781,0,0
2782,1,1
2783,1,1
2784,1,1
2785,0,0
2786,1,1
2787,0,0
2788,0,0
2789,0,0
2790,1,1
2791,0,0
2792,1,1
2793,0,0
2794,0,0
2795,1,1
2796,1,1
2797,1,1
2798,0,0
2799,0,0
2800,1,1
2801,1,1
2802,1,1
2803,0,0
2804,0,0
2805,1,1
2806,0,0
2807,0,0
2808,0,0
2809,0,0
2810,0,0
2811,1,1
2812,0,0
2813,1,1
2814,1,1
2815,1,1
2816,0,0
2817,1,1
2818,0,0
2819,1,1
2820,1,1
2821,1,1
2822,1,1
2823,1,1
2824,1,1
2825,0,0
2826,1,1
2827,1,1
2828,1,1
2829,1,1
2830,1,1
2831,1,1
2832,1,1
2833,1,1
2834,1,1
2835,1,1
2836,1,1
2837,0,0
2838,0,0
2839,1,1
2840,1,1
2841,1,1
2842,1,1
2843,1,1
2844,1,1
2845,1,1
2846,1,1
2847,1,1
2848,1,1
2849,0,0
2850,0,0
2851,0,0
2852,1,1
2853,0,0
2854,1,1
2855,0,0
2856,0,0
2857,1,1
2858,1,1
2859,1,1
2860,0,0
2861,0,0
2862,1,1
2863,1,1
2864,1,1
2865,1,1
2866,0,0
2867,1,1
2868,0,0
2869,1,1
2870,0,0
2871,1,1
2872,0,0
2873,1,1
2874,1,1
2875,0,0
2876,0,0
2877,0,0
2878,1,1
2879,1,1
2880,1,1
2881,0,0
2882,0,0
2883,0,0
2884,0,0
2885,0,0
2886,0,0
2887,1,1
2888,1,1
2889,1,1
2890,1,1
2891,1,1
2892,1,1
2893,0,0
2894,1,1
2895,0,0
2896,1,1
2897,0,0
2898,1,1
2899,1,1
2900,1,1
2901,1,1
2902,0,0
2903,0,0
2904,0,0
2905,1,1
2906,1,1
2907,0,0
2908,1,1
2909,1,1
2910,1,1
2911,0,0
2912,1,1
2913,0,0
2914,1,1
2915,1,1
2916,0,0
2917,1,1
2918,1,1
2919,0,0
2920,1,1
2921,1,1
2922,1,1
2923,1,1
2924,1,1
2925,1,1
2926,1,1
2927,1,1
2928,1,1
2929,1,1
2930,0,0
2931,0,0
2932,1,1
2933,1,1
2934,1,1
2935,1,1
2936,0,0
2937,0,0
2938,1,1
2939,0,0
2940,1,1
2941,1,1
2942,1,1
2943,1,1
2944,1,1
2945,1,1
2946,1,1
2947,0,0
2948,1,1
2949,1,1
2950,1,1
2951,1,1
2952,1,1
2953,1,1
2954,1,1
2955,1,1
2956,1,1
2957,0,0
2958,1,1
2959,1,1
2960,1,1
2961,0,0
2962,1,1
2963,0,0
2964,1,1
2965,1,1
2966,1,1
2967,0,0
2968,1,1
2969,1,1
2970,1,1
2971,1,1
2972,1,1
2973,1,1
2974,0,0
2975,1,1
2976,1,1
2977,1,1
2978,1,1
2979,1,1
2980,0,0
2981,1,1
2982,1,1
2983,0,0
2984,1,1
2985,1,1
2986,1,1
2987,0,0
2988,1,1
2989,1,1
2990,1,1
2991,1,1
2992,1,1
2993,0,0
2994,1,1
2995,0,0
2996,0,0
2997,1,1
2998,1,1
2999,1,1
3000,1,1
3001,1,1
3002,1,1
3003,1,1
3004,1,1
3005,0,0
3006,1,1
3007,1,1
3008,1,1
3009,0,0
3010,0,0
3011,1,1
3012,1,1
3013,1,1
3014,0,0
3015,1,1
3016,1,1
3017,1,1
3018,1,1
3019,1,1
3020,1,1
3021,1,1
3022,1,1
3023,0,0
3024,1,1
3025,0,0
3026,0,0
3027,1,1
3028,0,0
3029,0,0
3030,0,0
3031,0,0
3032,0,0
3033,1,1
3034,0,0
3035,1,1
3036,1,1
3037,1,1
3038,1,1
3039,1,1
3040,1,1
3041,0,0
3042,1,1
3043,1,1
3044,0,0
3045,1,1
3046,1,1
3047,1,1
3048,0,0
3049,1,1
3050,0,0
3051,1,1
3052,0,0
3053,1,1
3054,0,0
3055,1,1
3056,0,0
3057,0,0
3058,1,1
3059,1,1
3060,1,1
3061,0,0
3062,0,0
3063,0,0
3064,0,0
3065,1,1
3066,0,0
3067,1,1
3068,1,1
3069,0,0
3070,1,1
3071,1,1
3072,0,0
3073,1,1
3074,0,0
3075,1,1
3076,1,1
3077,1,1
3078,1,1
3079,1,1
3080,1,1
3081,1,1
3082,1,1
3083,1,1
3084,1,1
3085,1,1
3086,1,1
3087,1,1
3088,0,0
3089,1,1
3090,1,1
3091,0,0
3092,1,1
3093,1,1
3094,0,0
3095,1,1
3096,1,1
3097,1,1
3098,0,0
3099,0,0
3100,1,1
3101,0,0
3102,0,0
3103,1,1
3104,1,1
3105,1,1
3106,1,1
3107,1,1
3108,1,1
3109,1,1
3110,1,1
3111,1,1
3112,0,0
3113,1,1
3114,1,1
3115,1,1
3116,1,1
3117,1,1
3118,0,0
3119,0,0
3120,1,1
3121,1,1
3122,1,1
3123,0,0
3124,1,1
3125,1,1
3126,0,0
3127,0,0
3128,0,0
3129,1,1
3130,0,0
3131,1,1
3132,1,1
3133,1,1
3134,1,1
3135,1,1
3136,1,1
3137,0,0
3138,1,1
3139,1,1
3140,1,1
3141,1,1
3142,1,1
3143,1,1
3144,1,1
3145,1,1
3146,0,0
3147,1,1
3148,1,1
3149,1,1
3150,1,1
3151,1,1
3152,0,0
3153,1,1
3154,1,1
3155,0,0
3156,0,0
3157,0,0
3158,1,1
3159,1,1
3160,1,1
3161,1,1
3162,0,0
3163,1,1
3164,1,1
3165,1,1
3166,1,1
3167,0,0
3168,1,1
3169,0,0
3170,1,1
3171,1,1
3172,1,1
3173,1,1
3174,1,1
3175,0,0
3176,1,1
3177,1,1
3178,0,0
3179,0,0
3180,1,1
3181,1,1
3182,0,0
3183,0,0
3184,0,0
3185,1,1
3186,1,1
3187,1,1
3188,0,0
3189,1,1
3190,1,1
3191,0,0
3192,0,0
3193,1,1
3194,1,1
3195,1,1
3196,0,0
3197,1,1
3198,1,1
3199,1,1
3200,1,1
3201,1,1
3202,1,1
3203,1,1
3204,1,1
3205,1,1
3206,1,1
3207,1,1
3208,1,1
3209,1,1
3210,1,1
3211,1,1
3212,0,0
3213,1,1
3214,1,1
3215,0,0
3216,1,1
3217,0,0
3218,0,0
3219,0,0
3220,1,1
3221,1,1
3222,0,0
3223,1,1
3224,1,1
3225,1,1
3226,0,0
3227,1,1
3228,1,1
3229,1,1
3230,1,1
3231,0,0
3232,0,0
3233,0,0
3234,1,1
3235,1,1
3236,1,1
3237,1,1
3238,0,0
3239,1,1
3240,0,0
3241,1,1
3242,1,1
3243,1,1
3244,1,1
3245,1,1
3246,0,0
3247,1,1
3248,0,0
3249,1,1
3250,0,0
3251,1,1
3252,1,1
3253,0,0
3254,0,0
3255,1,1
3256,1,1
3257,0,0
3258,0,0
3259,0,0
3260,1,1
3261,1,1
3262,1,1
3263,1,1
3264,1,1
3265,1,1
3266,0,0
3267,1,1
3268,0,0
3269,1,1
3270,1,1
3271,1,1
3272,0,0
3273,1,1
3274,1,1
3275,1,1
3276,1,1
3277,1,1
3278,1,1
3279,0,0
3280,0,0
3281,0,0
3282,0,0
3283,1,1
3284,0,0
3285,1,1
3286,0,0
3287,0,0
3288,1,1
3289,1,1
3290,1,1
3291,1,1
3292,1,1
3293,1,1
3294,1,1
3295,1,1
3296,1,1
3297,0,0
3298,1,1
3299,1,1
3300,0,0
3301,0,0
3302,1,1
3303,0,0
3304,1,1
3305,1,1
3306,1,1
3307,1,1
3308,1,1
3309,0,0
3310,1,1
3311,0,0
3312,1,1
3313,1,1
3314,0,0
3315,0,0
3316,1,1
3317,1,1
3318,1,1
3319,0,0
3320,1,1
3321,0,0
3322,0,0
3323,1,1
3324,1,1
3325,0,0
3326,1,1
3327,0,0
3328,0,0
3329,0,0
3330,1,1
3331,0,0
3332,1,1
3333,1,1
3334,0,0
3335,1,1
3336,0,0
3337,1,1
3338,0,0
3339,1,1
3340,1,1
3341,1,1
3342,1,1
3343,0,0
3344,1,1
3345,0,0
3346,0,0
3347,1,1
3348,0,0
3349,0,0
3350,0,0
3351,1,1
3352,1,1
3353,1,1
3354,1,1
3355,1,1
3356,1,1
3357,0,0
3358,0,0
3359,1,1
3360,0,0
3361,1,1
3362,1,1
3363,0,0
3364,0,0
3365,1,1
3366,1,1
3367,1,1
3368,1,1
3369,0,0
3370,1,1
3371,0,0
3372,1,1
3373,1,1
3374,1,1
3375,0,0
3376,1,1
3377,0,0
3378,0,0
3379,1,1
3380,0,0
3381,1,1
3382,1,1
3383,1,1
3384,1,1
3385,1,1
3386,1,1
3387,1,1
3388,1,1
3389,1,1
3390,1,1
3391,0,0
3392,0,0
3393,1,1
3394,1,1
3395,1,1
3396,1,1
3397,1,1
3398,0,0
3399,0,0
3400,1,1
3401,1,1
3402,1,1
3403,0,0
3404,1,1
3405,1,1
3406,0,0
3407,1,1
3408,1,1
3409,1,1
3410,0,0
3411,1,1
3412,1,1
3413,1,1
3414,1,1
3415,0,0
3416,0,0
3417,0,0
3418,0,0
3419,1,1
3420,0,0
3421,1,1
3422,1,1
3423,1,1
3424,1,1
3425,0,0
3426,0,0
3427,1,1
3428,1,1
3429,1,1
3430,1,1
3431,1,1
3432,1,1
3433,1,1
3434,1,1
3435,1,1
3436,0,0
3437,1,1
3438,1,1
3439,1,1
3440,1,1
3441,1,1
3442,0,0
3443,1,1
3444,1,1
3445,1,1
3446,0,0
3447,1,1
3448,0,0
3449,1,1
3450,0,0
3451,1,1
3452,1,1
3453,1,1
3454,1,1
3455,1,1
3456,0,0
3457,1,1
3458,1,1
3459,0,0
3460,1,1
3461,1,1
3462,1,1
3463,0,0
3464,0,0
3465,1,1
3466,1,1
3467,1,1
3468,1,1
3469,1,1
3470,1,1
3471,0,0
3472,1,1
3473,0,0
3474,0,0
3475,1,1
3476,1,1
3477,1,1
3478,1,1
3479,1,1
3480,1,1
3481,1,1
3482,1,1
3483,0,0
3484,0,0
3485,1,1
3486,1,1
3487,1,1
3488,0,0
3489,1,1
3490,1,1
3491,1,1
3492,1,1
3493,1,1
3494,0,0
3495,0,0
3496,1,1
3497,1,1
3498,1,1
3499,0,0
3500,1,1
3501,0,0
3502,1,1
3503,0,0
3504,1,1
3505,0,0
3506,1,1
3507,1,1
3508,1,1
3509,1,1
3510,1,1
3511,1,1
3512,1,1
3513,0,0
3514,1,1
3515,1,1
3516,1,1
3517,1,1
3518,1,1
3519,0,0
3520,1,1
3521,1,1
3522,0,0
3523,1,1
3524,1,1
3525,1,1
3526,1,1
3527,1,1
3528,1,1
3529,1,1
3530,1,1
3531,1,1
3532,1,1
3533,0,0
3534,1,1
3535,1,1
3536,1,1
3537,1,1
3538,0,0
3539,1,1
3540,1,1
3541,1,1
3542,0,0
3543,1,1
3544,1,1
3545,1,1
3546,1,1
3547,1,1
3548,1,1
3549,1,1
3550,1,1
3551,1,1
3552,0,0
3553,1,1
3554,0,0
3555,1,1
3556,1,1
3557,0,0
3558,0,0
3559,0,0
3560,0,0
3561,1,1
3562,0,0
3563,0,0
3564,0,0
3565,1,1
3566,0,0
3567,1,1
3568,1,1
3569,0,0
3570,0,0
3571,1,1
3572,1,1
3573,0,0
3574,1,1
3575,1,1
3576,1,1
3577,0,0
3578,1,1
3579,1,1
3580,1,1
3581,1,1
3582,1,1
3583,0,0
3584,0,0
3585,0,0
3586,1,1
3587,1,1
3588,0,0
3589,1,1
3590,1,1
3591,1,1
3592,1,1
3593,1,1
3594,1,1
3595,1,1
3596,1,1
3597,1,1
3598,1,1
3599,1,1
3600,1,1
3601,0,0
3602,1,1
3603,1,1
3604,1,1
3605,0,0
3606,0,0
3607,1,1
3608,0,0
3609,1,1
3610,1,1
3611,1,1
3612,0,0
3613,1,1
3614,0,0
3615,0,0
3616,1,1
3617,1,1
3618,1,1
3619,1,1
3620,1,1
3621,1,1
3622,1,1
3623,0,0
3624,1,1
3625,1,1
3626,1,1
3627,0,0
3628,1,1
3629,1,1
3630,1,1
3631,1,1
3632,0,0
3633,0,0
3634,1,1
3635,0,0
3636,1,1
3637,1,1
3638,1,1
3639,1,1
3640,0,0
3641,1,1
3642,1,1
3643,1,1
3644,1,1
3645,1,1
3646,1,1
3647,1,1
3648,1,1
3649,1,1
3650,1,1
3651,1,1
3652,1,1
3653,1,1
3654,1,1
3655,1,1
3656,0,0
3657,0,0
3658,0,0
3659,0,0
3660,1,1
3661,1,1
3662,1,1
3663,1,1
3664,0,0
3665,0,0
3666,1,1
3667,0,0
3668,1,1
3669,1,1
3670,0,0
3671,1,1
3672,0,0
3673,1,1
3674,1,1
3675,0,0
3676,1,1
3677,0,0
3678,1,1
3679,1,1
3680,1,1
3681,0,0
3682,1,1
3683,0,0
3684,1,1
3685,1,1
3686,1,1
3687,1,1
3688,1,1
3689,1,1
3690,1,1
3691,0,0
3692,0,0
3693,0,0
3694,0,0
3695,0,0
3696,0,0
3697,1,1
3698,1,1
3699,0,0
3700,1,1
3701,1,1
3702,1,1
3703,0,0
3704,1,1
3705,1,1
3706,0,0
3707,1,1
3708,0,0
3709,1,1
3710,0,0
3711,1,1
3712,0,0
3713,1,1
3714,0,0
3715,1,1
3716,0,0
3717,0,0
3718,0,0
3719,0,0
3720,1,1
3721,0,0
3722,0,0
3723,1,1
3724,1,1
3725,1,1
3726,1,1
3727,1,1
3728,0,0
3729,0,0
3730,1,1
3731,1,1
3732,1,1
3733,1,1
3734,0,0
3735,1,1
3736,1,1
3737,0,0
3738,1,1
3739,0,0
3740,0,0
3741,0,0
3742,0,0
3743,1,1
3744,1,1
3745,1,1
3746,1,1
3747,1,1
3748,1,1
3749,1,1
3750,1,1
3751,0,0
3752,1,1
3753,1,1
3754,0,0
3755,1,1
3756,1,1
3757,1,1
3758,0,0
3759,0,0
3760,0,0
3761,0,0
3762,1,1
3763,0,0
3764,1,1
3765,1,1
3766,1,1
3767,0,0
3768,1,1
3769,1,1
3770,1,1
3771,1,1
3772,0,0
3773,0,0
3774,0,0
3775,1,1
3776,1,1
3777,1,1
3778,0,0
3779,1,1
3780,1,1
3781,1,1
3782,0,0
3783,1,1
3784,1,1
3785,0,0
3786,1,1
3787,1,1
3788,1,1
3789,0,0
3790,0,0
3791,0,0
3792,1,1
3793,0,0
3794,1,1
3795,1,1
3796,1,1
3797,0,0
3798,1,1
3799,0,0
3800,1,1
3801,1,1
3802,1,1
3803,0,0
3804,1,1
3805,1,1
3806,1,1
3807,1,1
3808,1,1
3809,1,1
3810,1,1
3811,0,0
3812,0,0
3813,0,0
3814,1,1
3815,1,1
3816,1,1
3817,1,1
3818,0,0
3819,1,1
3820,0,0
3821,1,1
3822,1,1
3823,1,1
3824,1,1
3825,1,1
3826,0,0
3827,1,1
3828,1,1
3829,0,0
3830,1,1
3831,1,1
3832,0,0
3833,1,1
3834,1,1
3835,0,0
3836,0,0
3837,1,1
3838,1,1
3839,1,1
3840,0,0
3841,1,1
3842,1,1
3843,0,0
3844,1,1
3845,1,1
3846,0,0
3847,0,0
3848,1,1
3849,1,1
3850,1,1
3851,1,1
3852,0,0
3853,1,1
3854,1,1
3855,1,1
3856,0,0
3857,0,0
3858,1,1
3859,1,1
3860,1,1
3861,1,1
3862,1,1
3863,1,1
3864,1,1
3865,1,1
3866,0,0
3867,1,1
3868,1,1
3869,1,1
3870,1,1
3871,1,1
3872,1,1
3873,1,1
3874,1,1
3875,1,1
3876,1,1
3877,1,1
3878,1,1
3879,1,1
3880,1,1
3881,1,1
3882,0,0
3883,1,1
3884,1,1
3885,1,1
3886,1,1
3887,0,0
3888,1,1
3889,1,1
3890,1,1
3891,1,1
3892,1,1
3893,0,0
3894,1,1
3895,1,1
3896,1,1
3897,1,1
3898,0,0
3899,1,1
3900,1,1
3901,1,1
3902,1,1
3903,1,1
3904,0,0
3905,0,0
3906,1,1
3907,0,0
3908,0,0
3909,1,1
3910,1,1
3911,0,0
3912,1,1
3913,1,1
3914,1,1
3915,0,0
3916,0,0
3917,1,1
3918,0,0
3919,1,1
3920,1,1
3921,1,1
3922,0,0
3923,0,0
3924,1,1
3925,1,1
3926,1,1
3927,1,1
3928,0,0
3929,1,1
3930,0,0
3931,0,0
3932,1,1
3933,1,1
3934,1,1
3935,1,1
3936,0,0
3937,1,1
3938,0,0
3939,1,1
3940,1,1
3941,0,0
3942,1,1
3943,1,1
3944,1,1
3945,0,0
3946,1,1
3947,1,1
3948,1,1
3949,0,0
3950,1,1
3951,1,1
3952,1,1
3953,1,1
3954,0,0
3955,0,0
3956,1,1
3957,1,1
3958,1,1
3959,0,0
3960,0,0
3961,1,1
3962,0,0
3963,1,1
3964,1,1
3965,0,0
3966,0,0
3967,1,1
3968,1,1
3969,0,0
3970,1,1
3971,1,1
3972,1,1
3973,1,1
3974,1,1
3975,0,0
3976,1,1
3977,0,0
3978,1,1
3979,1,1
3980,1,1
3981,1,1
3982,1,1
3983,1,1
3984,1,1
3985,0,0
3986,1,1
3987,0,0
3988,0,0
3989,1,1
3990,1,1
3991,0,0
3992,1,1
3993,0,0
3994,1,1
3995,1,1
3996,1,1
3997,0,0
3998,0,0
3999,1,1
4000,0,0
4001,1,1
4002,0,0
4003,1,1
4004,1,1
4005,1,1
4006,0,0
4007,1,1
4008,1,1
4009,1,1
4010,0,0
4011,0,0
4012,0,0
4013,1,1
4014,1,1
4015,1,1
4016,1,1
4017,0,0
4018,1,1
4019,0,0
4020,1,1
4021,1,1
4022,1,1
4023,0,0
4024,0,0
4025,0,0
4026,0,0
4027,1,1
4028,1,1
4029,1,1
4030,1,1
4031,1,1
4032,1,1
4033,1,1
4034,0,0
4035,1,1
4036,0,0
4037,0,0
4038,1,1
4039,1,1
4040,1,1
4041,0,0
4042,1,1
4043,1,1
4044,1,1
4045,1,1
4046,0,0
4047,1,1
4048,1,1
4049,1,1
4050,1,1
4051,1,1
4052,0,0
4053,1,1
4054,1,1
4055,0,0
4056,1,1
4057,0,0
4058,1,1
4059,1,1
4060,1,1
4061,1,1
4062,1,1
4063,0,0
4064,1,1
4065,0,0
4066,1,1
4067,0,0
4068,1,1
4069,1,1
4070,1,1
4071,1,1
4072,0,0
4073,0,0
4074,0,0
4075,0,0
4076,1,1
4077,1,1
4078,1,1
4079,0,0
4080,1,1
4081,1,1
4082,0,0
4083,0,0
4084,1,1
4085,1,1
4086,0,0
4087,0,0
4088,1,1
4089,1,1
4090,1,1
4091,0,0
4092,0,0
4093,0,0
4094,1,1
4095,1,1
4096,1,1
4097,0,0
4098,1,1
4099,0,0
4100,1,1
4101,0,0
4102,1,1
4103,1,1
4104,1,1
4105,1,1
4106,1,1
4107,1,1
4108,0,0
4109,1,1
4110,1,1
4111,1,1
4112,1,1
4113,1,1
4114,0,0
4115,0,0
4116,1,1
4117,1,1
4118,1,1
4119,0,0
4120,1,1
4121,1,1
4122,1,1
4123,1,1
4124,1,1
4125,0,0
4126,0,0
4127,1,1
4128,1,1
4129,1,1
4130,1,1
4131,0,0
4132,0,0
4133,1,1
4134,1,1
4135,0,0
4136,0,0
4137,1,1
4138,1,1
4139,1,1
4140,1,1
4141,1,1
4142,1,1
4143,1,1
4144,1,1
4145,0,0
4146,0,0
4147,1,1
4148,1,1
4149,1,1
4150,1,1
4151,0,0
4152,1,1
4153,0,0
4154,1,1
4155,1,1
4156,1,1
4157,0,0
4158,0,0
4159,1,1
4160,1,1
4161,1,1
4162,1,1
4163,1,1
4164,1,1
4165,1,1
4166,1,1
4167,1,1
4168,1,1
4169,0,0
4170,1,1
4171,1,1
4172,1,1
4173,1,1
4174,1,1
4175,1,1
4176,1,1
4177,0,0
4178,1,1
4179,1,1
4180,1,1
4181,1,1
4182,0,0
4183,0,0
4184,1,1
4185,0,0
4186,0,0
4187,1,1
4188,1,1
4189,1,1
4190,1,1
4191,0,0
4192,1,1
4193,0,0
4194,1,1
4195,0,0
4196,0,0
4197,1,1
4198,1,1
4199,1,1
4200,1,1
4201,1,1
4202,1,1
4203,1,1
4204,0,0
4205,0,0
4206,0,0
4207,1,1
4208,1,1
4209,1,1
4210,1,1
4211,1,1
4212,1,1
4213,0,0
4214,1,1
4215,1,1
4216,1,1
4217,1,1
4218,1,1
4219,0,0
4220,1,1
4221,1,1
4222,1,1
4223,1,1
4224,0,0
4225,1,1
4226,1,1
4227,0,0
4228,0,0
4229,0,0
4230,1,1
4231,1,1
4232,0,0
4233,1,1
4234,1,1
4235,0,0
4236,1,1
4237,0,0
4238,0,0
4239,1,1
4240,1,1
4241,0,0
4242,0,0
4243,1,1
4244,1,1
4245,1,1
4246,1,1
4247,1,1
4248,1,1
4249,0,0
4250,0,0
4251,1,1
4252,1,1
4253,0,0
4254,0,0
4255,1,1
4256,1,1
4257,1,1
4258,1,1
4259,1,1
4260,0,0
4261,1,1
4262,0,0
4263,1,1
4264,0,0
4265,1,1
4266,1,1
4267,1,1
4268,1,1
4269,1,1
4270,0,0
4271,1,1
4272,1,1
4273,1,1
4274,0,0
4275,0,0
4276,1,1
4277,1,1
4278,1,1
4279,1,1
4280,1,1
4281,1,1
4282,0,0
4283,0,0
4284,1,1
4285,0,0
4286,1,1
4287,1,1
4288,1,1
4289,1,1
4290,1,1
4291,1,1
4292,1,1
4293,1,1
4294,0,0
4295,1,1
4296,1,1
4297,1,1
4298,1,1
4299,1,1
4300,1,1
4301,1,1
4302,1,1
4303,1,1
4304,0,0
4305,0,0
4306,1,1
4307,0,0
4308,1,1
4309,1,1
4310,1,1
4311,1,1
4312,0,0
4313,0,0
4314,1,1
4315,0,0
4316,1,1
4317,1,1
4318,1,1
4319,0,0
4320,1,1
4321,1,1
4322,1,1
4323,1,1
4324,0,0
4325,1,1
4326,0,0
4327,1,1
4328,0,0
4329,1,1
4330,0,0
4331,1,1
4332,0,0
4333,1,1
4334,0,0
4335,1,1
4336,1,1
4337,1,1
4338,1,1
4339,1,1
4340,1,1
4341,1,1
4342,1,1
4343,1,1
4344,1,1
4345,1,1
4346,1,1
4347,0,0
4348,1,1
4349,1,1
4350,1,1
4351,0,0
4352,0,0
4353,1,1
4354,1,1
4355,1,1
4356,0,0
4357,1,1
4358,1,1
4359,0,0
4360,1,1
4361,0,0
4362,0,0
4363,0,0
4364,1,1
4365,0,0
4366,1,1
4367,1,1
4368,0,0
4369,0,0
4370,1,1
4371,1,1
4372,0,0
4373,1,1
4374,1,1
4375,1,1
4376,1,1
4377,1,1
4378,1,1
4379,1,1
4380,1,1
4381,1,1
4382,0,0
4383,1,1
4384,1,1
4385,0,0
4386,1,1
4387,0,0
4388,1,1
4389,1,1
4390,1,1
4391,0,0
4392,0,0
4393,1,1
4394,1,1
4395,0,0
4396,1,1
4397,0,0
4398,1,1
4399,0,0
4400,1,1
4401,0,0
4402,1,1
4403,0,0
4404,1,1
4405,1,1
4406,1,1
4407,1,1
4408,0,0
4409,1,1
4410,0,0
4411,1,1
4412,0,0
4413,0,0
4414,0,0
4415,0,0
4416,1,1
4417,0,0
4418,1,1
4419,0,0
4420,1,1
4421,1,1
4422,1,1
4423,1,1
4424,1,1
4425,1,1
4426,0,0
4427,1,1
4428,1,1
4429,1,1
4430,1,1
4431,1,1
4432,1,1
4433,1,1
4434,1,1
4435,1,1
4436,1,1
4437,0,0
4438,1,1
4439,1,1
4440,1,1
4441,0,0
4442,0,0
4443,1,1
4444,1,1
4445,1,1
4446,1,1
4447,1,1
4448,0,0
4449,1,1
4450,0,0
4451,1,1
4452,1,1
4453,1,1
4454,1,1
4455,0,0
4456,0,0
4457,1,1
4458,1,1
4459,1,1
4460,1,1
4461,1,1
4462,0,0
4463,1,1
4464,1,1
4465,1,1
4466,1,1
4467,1,1
4468,1,1
4469,0,0
4470,0,0
4471,0,0
4472,1,1
4473,1,1
4474,1,1
4475,1,1
4476,1,1
4477,1,1
4478,1,1
4479,1,1
4480,1,1
4481,1,1
4482,0,0
4483,1,1
4484,1,1
4485,1,1
4486,1,1
4487,1,1
4488,1,1
4489,1,1
4490,1,1
4491,1,1
4492,1,1
4493,1,1
4494,1,1
4495,0,0
4496,1,1
4497,0,0
4498,0,0
4499,1,1
4500,0,0
4501,1,1
4502,1,1
4503,1,1
4504,0,0
4505,1,1
4506,0,0
4507,1,1
4508,1,1
4509,0,0
4510,1,1
4511,1,1
4512,1,1
4513,1,1
4514,1,1
4515,1,1
4516,1,1
4517,1,1
4518,0,0
4519,0,0
4520,1,1
4521,1,1
4522,1,1
4523,1,1
4524,0,0
4525,0,0
4526,1,1
4527,0,0
4528,1,1
4529,1,1
4530,1,1
4531,1,1
4532,1,1
4533,1,1
4534,1,1
4535,1,1
4536,0,0
4537,1,1
4538,0,0
4539,1,1
4540,1,1
4541,1,1
4542,0,0
4543,1,1
4544,1,1
4545,1,1
4546,0,0
4547,0,0
4548,1,1
4549,1,1
4550,1,1
4551,0,0
4552,1,1
4553,0,0
4554,1,1
4555,0,0
4556,1,1
4557,0,0
4558,1,1
4559,1,1
4560,0,0
4561,1,1
4562,0,0
4563,1,1
4564,1,1
4565,1,1
4566,1,1
4567,1,1
4568,0,0
4569,1,1
4570,1,1
4571,1,1
4572,0,0
4573,0,0
4574,1,1
4575,1,1
4576,0,0
4577,1,1
4578,0,0
4579,1,1
4580,0,0
4581,0,0
4582,0,0
4583,1,1
4584,1,1
4585,1,1
4586,0,0
4587,0,0
4588,1,1
4589,0,0
4590,0,0
4591,1,1
4592,0,0
4593,1,1
4594,1,1
4595,1,1
4596,1,1
4597,1,1
4598,1,1
4599,0,0
4600,0,0
4601,1,1
4602,1,1
4603,1,1
4604,1,1
4605,1,1
4606,1,1
4607,1,1
4608,1,1
4609,1,1
4610,0,0
4611,1,1
4612,0,0
4613,1,1
4614,1,1
4615,1,1
4616,1,1
4617,1,1
4618,1,1
4619,1,1
4620,1,1
4621,1,1
4622,1,1
4623,1,1
4624,0,0
4625,1,1
4626,0,0
4627,1,1
4628,1,1
4629,1,1
4630,0,0
4631,1,1
4632,1,1
4633,0,0
4634,1,1
4635,1,1
4636,1,1
4637,1,1
4638,0,0
4639,1,1
4640,1,1
4641,1,1
4642,1,1
4643,1,1
4644,1,1
4645,1,1
4646,1,1
4647,1,1
4648,1,1
4649,1,1
4650,0,0
4651,0,0
4652,1,1
4653,0,0
4654,0,0
4655,0,0
4656,1,1
4657,0,0
4658,0,0
4659,0,0
4660,1,1
4661,1,1
4662,1,1
4663,0,0
4664,1,1
4665,0,0
4666,1,1
4667,1,1
4668,1,1
4669,0,0
4670,1,1
4671,0,0
4672,1,1
4673,0,0
4674,1,1
4675,1,1
4676,1,1
4677,1,1
4678,1,1
4679,0,0
4680,1,1
4681,1,1
4682,1,1
4683,0,0
4684,1,1
4685,1,1
4686,0,0
4687,1,1
4688,0,0
4689,0,0
4690,1,1
4691,1,1
4692,0,0
4693,1,1
4694,1,1
4695,0,0
4696,1,1
4697,0,0
4698,1,1
4699,0,0
4700,1,1
4701,1,1
4702,0,0
4703,1,1
4704,1,1
4705,0,0
4706,1,1
4707,0,0
4708,1,1
4709,1,1
4710,1,1
4711,1,1
4712,1,1
4713,1,1
4714,1,1
4715,0,0
4716,0,0
4717,1,1
4718,1,1
4719,1,1
4720,1,1
4721,0,0
4722,0,0
4723,1,1
4724,0,0
4725,0,0
4726,1,1
4727,0,0
4728,1,1
4729,1,1
4730,1,1
4731,0,0
4732,1,1
4733,1,1
4734,0,0
4735,1,1
4736,1,1
4737,0,0
4738,1,1
4739,0,0
4740,1,1
4741,1,1
4742,1,1
4743,0,0
4744,1,1
4745,0,0
4746,1,1
4747,1,1
4748,0,0
4749,0,0
4750,1,1
4751,1,1
4752,0,0
4753,1,1
4754,0,0
4755,1,1
4756,0,0
4757,0,0
4758,1,1
4759,0,0
4760,0,0
4761,1,1
4762,0,0
4763,1,1
4764,1,1
4765,0,0
4766,1,1
4767,1,1
4768,1,1
4769,1,1
4770,1,1
4771,0,0
4772,0,0
4773,1,1
4774,1,1
4775,1,1
4776,1,1
4777,1,1
4778,1,1
4779,0,0
4780,1,1
4781,0,0
4782,0,0
4783,1,1
4784,1,1
4785,0,0
4786,1,1
4787,1,1
4788,0,0
4789,1,1
4790,1,1
4791,1,1
4792,1,1
4793,1,1
4794,0,0
4795,0,0
4796,0,0
4797,0,0
4798,1,1
4799,0,0
4800,1,1
4801,0,0
4802,0,0
4803,1,1
4804,1,1
4805,1,1
4806,1,1
4807,1,1
4808,1,1
4809,1,1
4810,0,0
4811,0,0
4812,0,0
4813,1,1
4814,1,1
4815,0,0
4816,1,1
4817,1,1
4818,1,1
4819,0,0
4820,0,0
4821,1,1
4822,1,1
4823,0,0
4824,0,0
4825,0,0
4826,1,1
4827,1,1
4828,0,0
4829,0,0
4830,1,1
4831,1,1
4832,0,0
4833,1,1
4834,1,1
4835,1,1
4836,1,1
4837,1,1
4838,1,1
4839,1,1
4840,1,1
4841,1,1
4842,1,1
4843,1,1
4844,1,1
4845,1,1
4846,1,1
4847,1,1
4848,0,0
4849,1,1
4850,1,1
4851,1,1
4852,0,0
4853,1,1
4854,1,1
4855,0,0
4856,1,1
4857,1,1
4858,1,1
4859,1,1
4860,1,1
4861,1,1
4862,0,0
4863,0,0
4864,1,1
4865,0,0
4866,1,1
4867,1,1
4868,1,1
4869,1,1
4870,1,1
4871,1,1
4872,0,0
4873,0,0
4874,0,0
4875,1,1
4876,1,1
4877,1,1
4878,1,1
4879,1,1
4880,0,0
4881,1,1
4882,1,1
4883,1,1
4884,1,1
4885,0,0
4886,1,1
4887,0,0
4888,0,0
4889,0,0
4890,1,1
4891,1,1
4892,0,0
4893,1,1
4894,1,1
4895,0,0
4896,1,1
4897,1,1
4898,1,1
4899,1,1
4900,1,1
4901,1,1
4902,1,1
4903,1,1
4904,1,1
4905,0,0
4906,1,1
4907,0,0
4908,1,1
4909,0,0
4910,1,1
4911,1,1
4912,1,1
4913,0,0
4914,0,0
4915,0,0
4916,1,1
4917,1,1
4918,1,1
4919,1,1
4920,1,1
4921,1,1
4922,0,0
4923,1,1
4924,1,1
4925,1,1
4926,1,1
4927,0,0
4928,1,1
4929,0,0
4930,1,1
4931,0,0
4932,1,1
4933,1,1
4934,1,1
4935,1,1
4936,1,1
4937,1,1
4938,0,0
4939,1,1
4940,1,1
4941,0,0
4942,1,1
4943,0,0
4944,0,0
4945,1,1
4946,1,1
4947,1,1
4948,1,1
4949,1,1
4950,1,1
4951,1,1
4952,1,1
4953,1,1
4954,1,1
4955,1,1
4956,1,1
4957,0,0
4958,0,0
4959,0,0
4960,0,0
4961,1,1
4962,1,1
4963,1,1
4964,1,1
4965,1,1
4966,1,1
4967,0,0
4968,1,1
4969,0,0
4970,1,1
4971,1,1
4972,1,1
4973,1,1
4974,1,1
4975,1,1
4976,1,1
4977,0,0
4978,0,0
4979,1,1
4980,0,0
4981,1,1
4982,1,1
4983,1,1
4984,1,1
4985,1,1
4986,0,0
4987,1,1
4988,1,1
4989,0,0
4990,1,1
4991,1,1
4992,1,1
4993,0,0
4994,0,0
4995,1,1
4996,1,1
4997,0,0
4998,1,1
4999,1,1
5000,0,0
5001,0,0
5002,0,0
5003,0,0
5004,1,1
5005,1,1
5006,1,1
5007,0,0
5008,1,1
5009,1,1
5010,1,1
5011,0,0
5012,1,1
5013,1,1
5014,0,0
5015,1,1
5016,0,0
5017,1,1
5018,0,0
5019,1,1
5020,0,0
5021,1,1
5022,1,1
5023,1,1
5024,0,0
5025,0,0
5026,0,0
5027,1,1
5028,1,1
5029,0,0
5030,0,0
5031,1,1
5032,1,1
5033,1,1
5034,1,1
5035,1,1
5036,1,1
5037,1,1
5038,1,1
5039,1,1
5040,0,0
5041,0,0
5042,0,0
5043,1,1
5044,1,1
5045,1,1
5046,1,1
5047,1,1
5048,1,1
5049,0,0
5050,1,1
5051,1,1
5052,1,1
5053,0,0
5054,1,1
5055,1,1
5056,1,1
5057,1,1
5058,1,1
5059,1,1
5060,1,1
5061,1,1
5062,1,1
5063,1,1
5064,1,1
5065,0,0
5066,0,0
5067,1,1
5068,1,1
5069,1,1
5070,1,1
5071,0,0
5072,0,0
5073,1,1
5074,1,1
5075,1,1
5076,1,1
5077,0,0
5078,0,0
5079,1,1
5080,1,1
5081,0,0
5082,1,1
5083,1,1
5084,1,1
5085,1,1
5086,1,1
5087,1,1
5088,0,0
5089,1,1
5090,1,1
5091,1,1
5092,1,1
5093,0,0
5094,1,1
5095,0,0
5096,1,1
5097,0,0
5098,1,1
5099,0,0
5100,1,1
5101,1,1
5102,0,0
5103,1,1
5104,1,1
5105,1,1
5106,1,1
5107,0,0
5108,0,0
5109,0,0
5110,1,1
5111,1,1
5112,0,0
5113,0,0
5114,1,1
5115,0,0
5116,1,1
5117,0,0
5118,1,1
5119,1,1
5120,0,0
5121,0,0
5122,1,1
5123,1,1
5124,1,1
5125,1,1
5126,1,1
5127,0,0
5128,0,0
5129,1,1
5130,1,1
5131,1,1
5132,1,1
5133,1,1
5134,1,1
5135,1,1
5136,1,1
5137,1,1
5138,1,1
5139,1,1
5140,0,0
5141,1,1
5142,1,1
5143,0,0
5144,1,1
5145,0,0
5146,1,1
5147,1,1
5148,1,1
5149,1,1
5150,0,0
5151,1,1
5152,1,1
5153,1,1
5154,1,1
5155,0,0
5156,1,1
5157,1,1
5158,1,1
5159,0,0
5160,1,1
5161,0,0
5162,1,1
5163,1,1
5164,1,1
5165,1,1
5166,0,0
5167,1,1
5168,1,1
5169,1,1
5170,1,1
5171,1,1
5172,1,1
5173,1,1
5174,1,1
5175,1,1
5176,0,0
5177,1,1
5178,1,1
5179,1,1
5180,1,1
5181,1,1
5182,1,1
5183,0,0
5184,0,0
5185,1,1
5186,0,0
5187,1,1
5188,1,1
5189,1,1
5190,1,1
5191,1,1
5192,1,1
5193,1,1
5194,1,1
5195,1,1
5196,0,0
5197,0,0
5198,1,1
5199,0,0
5200,0,0
5201,1,1
5202,1,1
5203,0,0
5204,1,1
5205,0,0
5206,1,1
5207,1,1
5208,1,1
5209,0,0
5210,1,1
5211,1,1
5212,1,1
5213,0,0
5214,0,0
5215,1,1
5216,1,1
5217,0,0
5218,0,0
5219,1,1
5220,1,1
5221,0,0
5222,1,1
5223,0,0
5224,0,0
5225,1,1
5226,0,0
5227,1,1
5228,1,1
5229,1,1
5230,1,1
5231,1,1
5232,1,1
5233,1,1
5234,1,1
5235,1,1
5236,0,0
5237,1,1
5238,1,1
5239,1,1
5240,1,1
5241,1,1
5242,1,1
5243,0,0
5244,1,1
5245,0,0
5246,0,0
5247,1,1
5248,0,0
5249,1,1
5250,0,0
5251,0,0
5252,0,0
5253,1,1
5254,0,0
5255,1,1
5256,1,1
5257,0,0
5258,1,1
5259,0,0
5260,0,0
5261,1,1
5262,0,0
5263,1,1
5264,1,1
5265,0,0
5266,0,0
5267,1,1
5268,1,1
5269,1,1
5270,1,1
5271,1,1
5272,0,0
5273,1,1
5274,1,1
5275,1,1
5276,1,1
5277,1,1
5278,1,1
5279,1,1
5280,0,0
5281,1,1
5282,0,0
5283,1,1
5284,0,0
5285,1,1
5286,0,0
5287,1,1
5288,1,1
5289,1,1
5290,1,1
5291,1,1
5292,1,1
5293,0,0
5294,1,1
5295,0,0
5296,1,1
5297,0,0
5298,0,0
5299,0,0
5300,1,1
5301,1,1
5302,0,0
5303,1,1
5304,1,1
5305,1,1
5306,0,0
5307,1,1
5308,1,1
5309,0,0
5310,0,0
5311,0,0
5312,1,1
5313,0,0
5314,1,1
5315,1,1
5316,1,1
5317,0,0
5318,0,0
5319,1,1
5320,0,0
5321,0,0
5322,0,0
5323,0,0
5324,1,1
5325,0,0
5326,1,1
5327,1,1
5328,1,1
5329,0,0
5330,1,1
5331,0,0
5332,1,1
5333,1,1
5334,0,0
5335,1,1
5336,0,0
5337,1,1
5338,1,1
5339,1,1
5340,1,1
5341,1,1
5342,1,1
5343,1,1
5344,0,0
5345,0,0
5346,1,1
5347,0,0
5348,0,0
5349,1,1
5350,1,1
5351,1,1
5352,1,1
5353,0,0
5354,0,0
5355,1,1
5356,1,1
5357,1,1
5358,0,0
5359,1,1
5360,1,1
5361,1,1
5362,1,1
5363,1,1
5364,1,1
5365,0,0
5366,0,0
5367,1,1
5368,0,0
5369,0,0
5370,1,1
5371,1,1
5372,1,1
5373,1,1
5374,0,0
5375,0,0
5376,0,0
5377,0,0
5378,0,0
5379,0,0
5380,1,1
5381,1,1
5382,1,1
5383,1,1
5384,1,1
5385,1,1
5386,0,0
5387,1,1
5388,0,0
5389,1,1
5390,0,0
5391,1,1
5392,0,0
5393,1,1
5394,1,1
5395,0,0
5396,1,1
5397,1,1
5398,1,1
5399,1,1
5400,0,0
5401,0,0
5402,1,1
5403,1,1
5404,0,0
5405,0,0
5406,1,1
5407,1,1
5408,1,1
5409,1,1
5410,1,1
5411,0,0
5412,0,0
5413,1,1
5414,1,1
5415,0,0
5416,1,1
5417,1,1
5418,1,1
5419,1,1
5420,0,0
5421,0,0
5422,0,0
5423,1,1
5424,1,1
5425,1,1
5426,1,1
5427,0,0
5428,1,1
5429,1,1
5430,1,1
5431,0,0
5432,1,1
5433,1,1
5434,0,0
5435,0,0
5436,1,1
5437,1,1
5438,0,0
5439,0,0
5440,1,1
5441,1,1
5442,0,0
5443,1,1
5444,0,0
5445,0,0
5446,0,0
5447,1,1
5448,1,1
5449,0,0
5450,1,1
5451,1,1
5452,1,1
5453,0,0
5454,1,1
5455,0,0
5456,0,0
5457,1,1
5458,0,0
5459,1,1
5460,1,1
5461,1,1
5462,1,1
5463,1,1
5464,1,1
5465,0,0
5466,0,0
5467,1,1
5468,1,1
5469,1,1
5470,1,1
5471,1,1
5472,0,0
5473,1,1
5474,0,0
5475,1,1
5476,1,1
5477,0,0
5478,1,1
5479,1,1
5480,1,1
5481,1,1
5482,1,1
5483,1,1
5484,1,1
5485,1,1
5486,0,0
5487,1,1
5488,0,0
5489,1,1
5490,1,1
5491,1,1
5492,1,1
5493,1,1
5494,0,0
5495,1,1
5496,1,1
5497,1,1
5498,1,1
5499,1,1
5500,1,1
5501,1,1
5502,1,1
5503,1,1
5504,0,0
5505,1,1
5506,0,0
5507,1,1
5508,0,0
5509,0,0
5510,1,1
5511,1,1
5512,1,1
5513,1,1
5514,0,0
5515,0,0
5516,0,0
5517,0,0
5518,1,1
5519,1,1
5520,1,1
5521,0,0
5522,1,1
5523,1,1
5524,1,1
5525,0,0
5526,1,1
5527,1,1
5528,1,1
5529,1,1
5530,1,1
5531,1,1
5532,0,0
5533,1,1
5534,0,0
5535,1,1
5536,1,1
5537,0,0
5538,1,1
5539,0,0
5540,1,1
5541,1,1
5542,1,1
5543,1,1
5544,1,1
5545,1,1
5546,0,0
5547,1,1
5548,1,1
5549,1,1
5550,0,0
5551,1,1
5552,1,1
5553,0,0
5554,1,1
5555,1,1
5556,1,1
5557,1,1
5558,0,0
5559,1,1
5560,0,0
5561,0,0
5562,1,1
5563,1,1
5564,1,1
5565,0,0
5566,1,1
5567,1,1
5568,1,1
5569,0,0
5570,0,0
5571,1,1
5572,1,1
5573,1,1
5574,1,1
5575,0,0
5576,1,1
5577,1,1
5578,1,1
5579,1,1
5580,1,1
5581,1,1
5582,1,1
5583,1,1
5584,0,0
5585,1,1
5586,1,1
5587,1,1
5588,1,1
5589,0,0
5590,1,1
5591,1,1
5592,1,1
5593,1,1
5594,1,1
5595,1,1
5596,0,0
5597,0,0
5598,1,1
5599,1,1
5600,1,1
5601,1,1
5602,1,1
5603,0,0
5604,0,0
5605,1,1
5606,1,1
5607,0,0
5608,1,1
5609,1,1
5610,1,1
5611,1,1
5612,0,0
5613,1,1
5614,0,0
5615,1,1
5616,1,1
5617,0,0
5618,1,1
5619,1,1
5620,0,0
5621,0,0
5622,1,1
5623,1,1
5624,0,0
5625,1,1
5626,1,1
5627,1,1
5628,0,0
5629,0,0
5630,1,1
5631,1,1
5632,1,1
5633,1,1
5634,1,1
5635,1,1
5636,1,1
5637,0,0
5638,1,1
5639,1,1
5640,1,1
5641,0,0
5642,0,0
5643,1,1
5644,0,0
5645,0,0
5646,1,1
5647,1,1
5648,1,1
5649,1,1
5650,0,0
5651,1,1
5652,1,1
5653,0,0
5654,1,1
5655,0,0
5656,0,0
5657,1,1
5658,0,0
5659,1,1
5660,0,0
5661,1,1
5662,1,1
5663,0,0
5664,1,1
5665,1,1
5666,1,1
5667,1,1
5668,1,1
5669,0,0
5670,1,1
5671,0,0
5672,0,0
5673,1,1
5674,1,1
5675,1,1
5676,0,0
5677,0,0
5678,1,1
5679,1,1
5680,0,0
5681,0,0
5682,0,0
5683,0,0
5684,0,0
5685,1,1
5686,1,1
5687,0,0
5688,0,0
5689,1,1
5690,1,1
5691,1,1
5692,0,0
5693,0,0
5694,0,0
5695,1,1
5696,1,1
5697,0,0
5698,1,1
5699,0,0
5700,1,1
5701,1,1
5702,1,1
5703,1,1
5704,0,0
5705,1,1
5706,1,1
5707,1,1
5708,0,0
5709,1,1
5710,0,0
5711,0,0
5712,0,0
5713,1,1
5714,1,1
5715,1,1
5716,1,1
5717,1,1
5718,1,1
5719,1,1
5720,0,0
5721,0,0
5722,0,0
5723,0,0
5724,0,0
5725,1,1
5726,1,1
5727,1,1
5728,1,1
5729,0,0
5730,1,1
5731,1,1
5732,1,1
5733,1,1
5734,1,1
5735,1,1
5736,1,1
5737,1,1
5738,1,1
5739,1,1
5740,0,0
5741,1,1
5742,1,1
5743,1,1
5744,1,1
5745,0,0
5746,1,1
5747,1,1
5748,1,1
5749,1,1
5750,0,0
5751,0,0
5752,0,0
5753,1,1
5754,1,1
5755,1,1
5756,1,1
5757,0,0
5758,1,1
5759,1,1
5760,0,0
5761,1,1
5762,0,0
5763,1,1
5764,1,1
5765,0,0
5766,0,0
5767,0,0
5768,1,1
5769,0,0
5770,0,0
5771,1,1
5772,1,1
5773,1,1
5774,1,1
5775,0,0
5776,1,1
5777,1,1
5778,1,1
5779,1,1
5780,1,1
5781,0,0
5782,0,0
5783,1,1
5784,1,1
5785,1,1
5786,0,0
5787,0,0
5788,1,1
5789,1,1
5790,1,1
5791,0,0
5792,0,0
5793,1,1
5794,1,1
5795,1,1
5796,1,1
5797,1,1
5798,1,1
5799,1,1
5800,0,0
5801,1,1
5802,1,1
5803,1,1
5804,1,1
5805,0,0
5806,1,1
5807,1,1
5808,0,0
5809,0,0
5810,1,1
5811,0,0
5812,0,0
5813,0,0
5814,1,1
5815,1,1
5816,1,1
5817,0,0
5818,1,1
5819,1,1
5820,0,0
5821,0,0
5822,1,1
5823,1,1
5824,0,0
5825,1,1
5826,1,1
5827,1,1
5828,1,1
5829,1,1
5830,1,1
5831,1,1
5832,1,1
5833,1,1
5834,1,1
5835,1,1
5836,0,0
5837,1,1
5838,1,1
5839,1,1
5840,0,0
5841,0,0
5842,0,0
5843,0,0
5844,1,1
5845,0,0
5846,1,1
5847,1,1
5848,1,1
5849,1,1
5850,1,1
5851,1,1
5852,1,1
5853,1,1
5854,0,0
5855,0,0
5856,1,1
5857,1,1
5858,1,1
5859,1,1
5860,1,1
5861,1,1
5862,1,1
5863,1,1
5864,0,0
5865,0,0
5866,0,0
5867,1,1
5868,0,0
5869,1,1
5870,0,0
5871,0,0
5872,1,1
5873,1,1
5874,1,1
5875,1,1
5876,0,0
5877,1,1
5878,1,1
5879,1,1
5880,0,0
5881,1,1
5882,1,1
5883,1,1
5884,1,1
5885,1,1
5886,1,1
5887,1,1
5888,0,0
5889,1,1
5890,1,1
5891,1,1
5892,1,1
5893,1,1
5894,1,1
5895,1,1
5896,1,1
5897,1,1
5898,1,1
5899,1,1
5900,1,1
5901,1,1
5902,1,1
5903,1,1
5904,1,1
5905,0,0
5906,1,1
5907,1,1
5908,1,1
5909,1,1
5910,1,1
5911,1,1
5912,1,1
5913,1,1
5914,1,1
5915,1,1
5916,1,1
5917,1,1
5918,0,0
5919,1,1
5920,0,0
5921,1,1
5922,0,0
5923,1,1
5924,1,1
5925,0,0
5926,1,1
5927,1,1
5928,0,0
5929,0,0
5930,1,1
5931,1,1
5932,1,1
5933,0,0
5934,0,0
5935,1,1
5936,1,1
5937,1,1
5938,1,1
5939,1,1
5940,1,1
5941,1,1
5942,1,1
5943,1,1
5944,1,1
5945,0,0
5946,0,0
5947,0,0
5948,1,1
5949,1,1
5950,1,1
5951,0,0
5952,1,1
5953,1,1
5954,1,1
5955,1,1
5956,1,1
5957,0,0
5958,1,1
5959,0,0
5960,1,1
5961,1,1
5962,0,0
5963,1,1
5964,1,1
5965,1,1
5966,1,1
5967,0,0
5968,1,1
5969,1,1
5970,1,1
5971,1,1
5972,0,0
5973,1,1
5974,1,1
5975,1,1
5976,1,1
5977,1,1
5978,0,0
5979,0,0
5980,1,1
5981,1,1
5982,1,1
5983,0,0
5984,1,1
5985,0,0
5986,1,1
5987,1,1
5988,1,1
5989,1,1
5990,0,0
5991,0,0
5992,1,1
5993,1,1
5994,0,0
5995,0,0
5996,1,1
5997,1,1
5998,1,1
5999,0,0
6000,1,1
6001,1,1
6002,1,1
6003,0,0
6004,1,1
6005,0,0
6006,1,1
6007,1,1
6008,1,1
6009,1,1
6010,0,0
6011,1,1
6012,1,1
6013,1,1
6014,1,1
6015,0,0
6016,1,1
6017,1,1
6018,1,1
6019,0,0
6020,0,0
6021,1,1
6022,1,1
6023,0,0
6024,0,0
6025,0,0
6026,1,1
6027,1,1
6028,0,0
6029,1,1
6030,1,1
6031,0,0
6032,1,1
6033,1,1
6034,1,1
6035,0,0
6036,1,1
6037,1,1
6038,0,0
6039,1,1
6040,1,1
6041,0,0
6042,0,0
6043,1,1
6044,1,1
6045,1,1
6046,0,0
6047,1,1
6048,0,0
6049,1,1
6050,1,1
6051,0,0
6052,1,1
6053,1,1
6054,0,0
6055,1,1
6056,1,1
6057,1,1
6058,1,1
6059,1,1
6060,1,1
6061,1,1
6062,1,1
6063,0,0
6064,1,1
6065,0,0
6066,1,1
6067,1,1
6068,0,0
6069,1,1
6070,1,1
6071,0,0
6072,0,0
6073,1,1
6074,1,1
6075,0,0
6076,1,1
6077,1,1
6078,1,1
6079,1,1
6080,1,1
6081,0,0
6082,0,0
6083,1,1
6084,1,1
6085,0,0
6086,0,0
6087,0,0
6088,0,0
6089,1,1
6090,1,1
6091,1,1
6092,0,0
6093,1,1
6094,1,1
6095,1,1
6096,1,1
6097,1,1
6098,0,0
6099,1,1
6100,1,1
6101,1,1
6102,1,1
6103,0,0
6104,0,0
6105,1,1
6106,1,1
6107,1,1
6108,1,1
6109,0,0
6110,0,0
6111,1,1
6112,0,0
6113,1,1
6114,1,1
6115,1,1
6116,0,0
6117,1,1
6118,1,1
6119,1,1
6120,1,1
6121,0,0
6122,1,1
6123,1,1
6124,1,1
6125,0,0
6126,1,1
6127,1,1
6128,1,1
6129,1,1
6130,1,1
6131,1,1
6132,0,0
6133,1,1
6134,0,0
6135,1,1
6136,1,1
6137,1,1
6138,0,0
6139,0,0
6140,1,1
6141,1,1
6142,1,1
6143,1,1
6144,1,1
6145,1,1
6146,1,1
6147,1,1
6148,1,1
6149,1,1
6150,1,1
6151,1,1
6152,1,1
6153,1,1
6154,0,0
6155,1,1
6156,1,1
6157,1,1
6158,1,1
6159,1,1
6160,1,1
6161,0,0
6162,1,1
6163,0,0
6164,1,1
6165,1,1
6166,1,1
6167,0,0
6168,1,1
6169,1,1
6170,0,0
6171,0,0
6172,0,0
6173,1,1
6174,0,0
6175,1,1
6176,1,1
6177,0,0
6178,0,0
6179,1,1
6180,1,1
6181,0,0
6182,1,1
6183,0,0
6184,1,1
6185,0,0
6186,1,1
6187,1,1
6188,1,1
6189,1,1
6190,1,1
6191,1,1
6192,1,1
6193,1,1
6194,1,1
6195,1,1
6196,0,0
6197,1,1
6198,1,1
6199,1,1
6200,1,1
6201,1,1
6202,1,1
6203,0,0
6204,1,1
6205,1,1
6206,1,1
6207,0,0
6208,1,1
6209,1,1
6210,1,1
6211,1,1
6212,1,1
6213,0,0
6214,1,1
6215,0,0
6216,1,1
6217,1,1
6218,1,1
6219,1,1
6220,1,1
6221,1,1
6222,0,0
6223,1,1
6224,1,1
6225,1,1
6226,0,0
6227,1,1
6228,0,0
6229,1,1
6230,1,1
6231,0,0
6232,1,1
6233,1,1
6234,1,1
6235,0,0
6236,0,0
6237,1,1
6238,1,1
6239,1,1
6240,1,1
6241,1,1
6242,1,1
6243,1,1
6244,0,0
6245,0,0
6246,1,1
6247,0,0
6248,1,1
6249,1,1
6250,1,1
6251,1,1
6252,1,1
6253,0,0
6254,1,1
6255,0,0
6256,0,0
6257,1,1
6258,1,1
6259,0,0
6260,1,1
6261,0,0
6262,1,1
6263,1,1
6264,0,0
6265,1,1
6266,1,1
6267,0,0
6268,0,0
6269,1,1
6270,1,1
6271,0,0
6272,1,1
6273,0,0
6274,1,1
6275,1,1
6276,0,0
6277,0,0
6278,1,1
6279,1,1
6280,0,0
6281,1,1
6282,1,1
6283,1,1
6284,1,1
6285,0,0
6286,1,1
6287,1,1
6288,1,1
6289,0,0
6290,1,1
6291,0,0
6292,1,1
6293,0,0
6294,1,1
6295,1,1
6296,1,1
6297,1,1
6298,0,0
6299,0,0
6300,1,1
6301,1,1
6302,0,0
6303,0,0
6304,1,1
6305,1,1
6306,1,1
6307,0,0
6308,1,1
6309,0,0
6310,0,0
6311,1,1
6312,1,1
6313,1,1
6314,1,1
6315,1,1
6316,1,1
6317,1,1
6318,1,1
6319,1,1
6320,1,1
6321,1,1
6322,0,0
6323,0,0
6324,1,1
6325,1,1
6326,0,0
6327,0,0
6328,0,0
6329,0,0
6330,1,1
6331,1,1
6332,0,0
6333,1,1
6334,1,1
6335,1,1
6336,1,1
6337,0,0
6338,1,1
6339,1,1
6340,1,1
6341,1,1
6342,1,1
6343,1,1
6344,1,1
6345,0,0
6346,1,1
6347,1,1
6348,0,0
6349,1,1
6350,1,1
6351,0,0
6352,1,1
6353,1,1
6354,1,1
6355,0,0
6356,1,1
6357,1,1
6358,0,0
6359,1,1
6360,1,1
6361,1,1
6362,1,1
6363,1,1
6364,0,0
6365,0,0
6366,1,1
6367,1,1
6368,1,1
6369,1,1
6370,1,1
6371,0,0
6372,1,1
6373,1,1
6374,1,1
6375,1,1
6376,1,1
6377,0,0
6378,1,1
6379,0,0
6380,1,1
6381,1,1
6382,0,0
6383,0,0
6384,1,1
6385,1,1
6386,1,1
6387,1,1
6388,1,1
6389,1,1
6390,0,0
6391,0,0
6392,1,1
6393,1,1
6394,1,1
6395,1,1
6396,1,1
6397,1,1
6398,1,1
6399,1,1
6400,0,0
6401,1,1
6402,1,1
6403,1,1
6404,0,0
6405,1,1
6406,1,1
6407,1,1
6408,1,1
6409,1,1
6410,1,1
6411,1,1
6412,1,1
6413,1,1
6414,0,0
6415,1,1
6416,1,1
6417,1,1
6418,0,0
6419,1,1
6420,0,0
6421,0,0
6422,1,1
6423,1,1
6424,1,1
6425,1,1
6426,0,0
6427,0,0
6428,1,1
6429,0,0
6430,1,1
6431,1,1
6432,1,1
6433,1,1
6434,1,1
6435,1,1
6436,1,1
6437,1,1
6438,1,1
6439,1,1
6440,1,1
6441,0,0
6442,1,1
6443,0,0
6444,1,1
6445,1,1
6446,1,1
6447,1,1
6448,1,1
6449,1,1
6450,1,1
6451,1,1
6452,0,0
6453,1,1
6454,1,1
6455,1,1
6456,0,0
6457,1,1
6458,1,1
6459,1,1
6460,1,1
6461,1,1
6462,1,1
6463,1,1
6464,1,1
6465,1,1
6466,0,0
6467,1,1
6468,0,0
6469,1,1
6470,1,1
6471,1,1
6472,1,1
6473,1,1
6474,0,0
6475,1,1
6476,1,1
6477,1,1
6478,1,1
6479,1,1
6480,1,1
6481,0,0
6482,1,1
6483,0,0
6484,0,0
6485,1,1
6486,1,1
6487,0,0
6488,0,0
6489,1,1
6490,0,0
6491,1,1
6492,0,0
6493,1,1
6494,1,1
6495,1,1
6496,1,1
6497,1,1
6498,1,1
6499,0,0
6500,1,1
6501,1,1
6502,0,0
6503,1,1
6504,0,0
6505,1,1
6506,1,1
6507,1,1
6508,1,1
6509,1,1
6510,1,1
6511,0,0
6512,0,0
6513,0,0
6514,1,1
6515,1,1
6516,0,0
6517,0,0
6518,1,1
6519,1,1
6520,1,1
6521,1,1
6522,1,1
6523,1,1
6524,1,1
6525,0,0
6526,1,1
6527,1,1
6528,1,1
6529,1,1
6530,1,1
6531,0,0
6532,1,1
6533,0,0
6534,1,1
6535,1,1
6536,1,1
6537,1,1
6538,0,0
6539,1,1
6540,0,0
6541,0,0
6542,1,1
6543,0,0
6544,0,0
6545,0,0
6546,0,0
6547,1,1
6548,0,0
6549,0,0
6550,1,1
6551,1,1
6552,1,1
6553,0,0
6554,1,1
6555,1,1
6556,1,1
6557,1,1
6558,1,1
6559,1,1
6560,1,1
6561,0,0
6562,0,0
6563,1,1
6564,1,1
6565,1,1
6566,1,1
6567,0,0
6568,1,1
6569,0,0
6570,0,0
6571,0,0
6572,0,0
6573,0,0
6574,1,1
6575,1,1
6576,1,1
6577,1,1
6578,0,0
6579,0,0
6580,1,1
6581,1,1
6582,1,1
6583,0,0
6584,0,0
6585,0,0
6586,1,1
6587,0,0
6588,1,1
6589,1,1
6590,1,1
6591,0,0
6592,1,1
6593,1,1
6594,1,1
6595,1,1
6596,1,1
6597,0,0
6598,0,0
6599,0,0
6600,1,1
6601,1,1
6602,1,1
6603,1,1
6604,0,0
6605,1,1
6606,0,0
6607,0,0
6608,1,1
6609,0,0
6610,1,1
6611,1,1
6612,1,1
6613,1,1
6614,1,1
6615,0,0
6616,0,0
6617,1,1
6618,1,1
6619,0,0
6620,1,1
6621,1,1
6622,1,1
6623,1,1
6624,1,1
6625,0,0
6626,1,1
6627,0,0
6628,1,1
6629,1,1
6630,1,1
6631,0,0
6632,1,1
6633,1,1
6634,1,1
6635,0,0
6636,1,1
6637,1,1
6638,1,1
6639,0,0
6640,1,1
6641,0,0
6642,0,0
6643,1,1
6644,0,0
6645,1,1
6646,1,1
6647,0,0
6648,1,1
6649,1,1
6650,0,0
6651,0,0
6652,1,1
6653,1,1
6654,1,1
6655,0,0
6656,1,1
6657,0,0
6658,0,0
6659,1,1
6660,0,0
6661,1,1
6662,1,1
6663,1,1
6664,1,1
6665,1,1
6666,1,1
6667,1,1
6668,0,0
6669,1,1
6670,1,1
6671,0,0
6672,1,1
6673,1,1
6674,1,1
6675,0,0
6676,0,0
6677,1,1
6678,1,1
6679,1,1
6680,1,1
6681,1,1
6682,1,1
6683,0,0
6684,1,1
6685,0,0
6686,0,0
6687,1,1
6688,1,1
6689,1,1
6690,1,1
6691,1,1
6692,1,1
6693,0,0
6694,0,0
6695,1,1
6696,0,0
6697,1,1
6698,1,1
6699,1,1
6700,0,0
6701,0,0
6702,0,0
6703,0,0
6704,0,0
6705,1,1
6706,0,0
6707,1,1
6708,1,1
6709,0,0
6710,1,1
6711,0,0
6712,0,0
6713,1,1
6714,0,0
6715,0,0
6716,0,0
6717,1,1
6718,0,0
6719,1,1
6720,1,1
6721,1,1
6722,1,1
6723,1,1
6724,1,1
6725,1,1
6726,1,1
6727,1,1
6728,1,1
6729,1,1
6730,0,0
6731,1,1
6732,0,0
6733,0,0
6734,1,1
6735,1,1
6736,0,0
6737,1,1
6738,0,0
6739,1,1
6740,1,1
6741,1,1
6742,1,1
6743,0,0
6744,0,0
6745,1,1
6746,0,0
6747,0,0
6748,1,1
6749,0,0
6750,1,1
6751,0,0
6752,1,1
6753,0,0
6754,1,1
6755,1,1
6756,1,1
6757,1,1
6758,1,1
6759,0,0
6760,1,1
6761,1,1
6762,1,1
6763,0,0
6764,0,0
6765,1,1
6766,1,1
6767,1,1
6768,1,1
6769,0,0
6770,1,1
6771,1,1
6772,0,0
6773,1,1
6774,1,1
6775,1,1
6776,1,1
6777,1,1
6778,0,0
6779,1,1
6780,1,1
6781,1,1
6782,0,0
6783,1,1
6784,0,0
6785,0,0
6786,0,0
6787,1,1
6788,0,0
6789,1,1
6790,0,0
6791,1,1
6792,1,1
6793,1,1
6794,0,0
6795,0,0
6796,0,0
6797,1,1
6798,0,0
6799,0,0
6800,0,0
6801,0,0
6802,1,1
6803,1,1
6804,1,1
6805,1,1
6806,1,1
6807,1,1
6808,1,1
6809,1,1
6810,1,1
6811,0,0
6812,1,1
6813,0,0
6814,1,1
6815,1,1
6816,1,1
6817,1,1
6818,1,1
6819,1,1
6820,1,1
6821,1,1
6822,1,1
6823,0,0
6824,1,1
6825,1,1
6826,1,1
6827,1,1
6828,1,1
6829,1,1
6830,1,1
6831,1,1
6832,1,1
6833,1,1
6834,0,0
6835,0,0
6836,1,1
6837,1,1
6838,0,0
6839,1,1
6840,1,1
6841,1,1
6842,1,1
6843,0,0
6844,1,1
6845,0,0
6846,1,1
6847,1,1
6848,0,0
6849,0,0
6850,1,1
6851,1,1
6852,0,0
6853,0,0
6854,1,1
6855,1,1
6856,1,1
6857,1,1
6858,0,0
6859,0,0
6860,1,1
6861,1,1
6862,0,0
6863,1,1
6864,0,0
6865,0,0
6866,1,1
6867,0,0
6868,0,0
6869,0,0
6870,1,1
6871,0,0
6872,1,1
6873,1,1
6874,1,1
6875,1,1
6876,0,0
6877,1,1
6878,0,0
6879,0,0
6880,0,0
6881,1,1
6882,0,0
6883,1,1
6884,1,1
6885,1,1
6886,1,1
6887,1,1
6888,0,0
6889,1,1
6890,1,1
6891,0,0
6892,1,1
6893,0,0
6894,1,1
6895,1,1
6896,1,1
6897,1,1
6898,0,0
6899,1,1
6900,0,0
6901,1,1
6902,0,0
6903,0,0
6904,1,1
6905,0,0
6906,1,1
6907,1,1
6908,1,1
6909,0,0
6910,0,0
6911,1,1
6912,1,1
6913,1,1
6914,1,1
6915,0,0
6916,1,1
6917,1,1
6918,1,1
6919,0,0
6920,1,1
6921,0,0
6922,1,1
6923,0,0
6924,1,1
6925,1,1
6926,0,0
6927,1,1
6928,1,1
6929,1,1
